chapter,section,question_id,question,critical,additional_sources,answer_1_label,answer_1_score,answer_2_label,answer_2_score,answer_3_label,answer_3_score,answer_4_label,answer_4_score
Chapter 1 - Pharmaceutical Quality System,Pharmaceutical Quality System,1.1,"Is the Pharmaceutical Quality System formally defined in a Quality Manual (or equivalent), and does this document explicitly outline the quality management structure and management responsibilities?",Yes,ICH Q10,Total absence of a Quality Manual or equivalent framework.,1,"Manual is obsolete, missing key structures or roles.",2,Quality Manual exists but overdue for annual review.,3,"Approved, accurate Quality Manual defining PQS.",4
Chapter 1 - Pharmaceutical Quality System,Pharmaceutical Quality System,1.2,"How does Senior Management demonstrate leadership, active participation, and ultimate responsibility for the PQS through the Periodic Management Review process, and how are resources, roles, and continual improvement initiatives defined and monitored as a result?",Yes,ICH Q10,Total lack of Management Review/ systemic quality neglect.,1,Management absent from reviews/ chronic resource deficit.,2,Reviews held/ minor sign-off delay or missing minor KPIs.,3,Regular management reviews / KPIs tracked/ resources allocated.,4
Chapter 1 - Pharmaceutical Quality System,Pharmaceutical Quality System,1.3,Does the Quality Assurance System ensure that pharmaceutical products are designed and developed taking into account GMP requirements?,Yes,ICH Q10,Total absence of process/product design data or systemic failure to integrate GMP at the development stage.,1,No GMP integration during product design phase.,2,Minor outdated development doc/ no product risk.,3,Full QbD/development data synced with GMP.,4
Chapter 1 - Pharmaceutical Quality System,Pharmaceutical Quality System,1.4,Does the Quality Assurance System ensure that manufacturing and control operations are clearly defined and comply with GMP?,Yes,,"Critical steps run via unapproved docs, Total system breakdown, critical safety parameters breached, or systemic non-compliance with the Marketing Authorization",1,Production/testing executed without approved SOPs.,2,Minor delay in routine SOP review or updates.,3,"Approved, clear SOPs and Master Batch Records.",4
Chapter 1 - Pharmaceutical Quality System,Pharmaceutical Quality System,1.5,Does the Quality Assurance System ensure that management responsibilities are clearly defined?,Yes,,Total absence of Key Personnel (Head of QA/QC/Prod).,1,Undefined key quality roles/ overlapping duties.,2,1-2 JDs miss recent updates/ roles known in practice.,3,"Clear, signed Job Descriptions for key personnel.",4
Chapter 1 - Pharmaceutical Quality System,Pharmaceutical Quality System,1.6,"Does the Quality Assurance System ensure that arrangements are made for the manufacture, supply and use of the correct starting and packaging materials?",Yes,,"Knowingly using counterfeit, toxic, or adulterated materials.",1,Using raw/packaging materials from unapproved vendors.,2,Minor delay in routine supplier questionnaire renewal.,3,Validated suppliers/ full audits/ approved specs.,4
Chapter 1 - Pharmaceutical Quality System,Pharmaceutical Quality System,1.7,"Does the organization provide all necessary resources and infrastructure required for GMP compliance, including qualified personnel, adequate premises, suitable equipment, correct materials, approved procedures, and appropriate storage/transportation?",Yes,,Total lack of cleanrooms/HVAC/ structural collapse.,1,Severe understaffing/ inadequate space or equipment.,2,Minor asset maintenance delay/ no product risk.,3,"Adequate personnel, premises, equipment and transport.",4
Chapter 1 - Pharmaceutical Quality System,Pharmaceutical Quality System,1.8,"Is there a continuous monitoring system (KPIs, quality dashboards) to evaluate the ongoing effectiveness and performance of the PQS itself?",Yes,ICH Q10,PQS performance completely unmonitored/ failures ignored.,1,No formal system to review the health and trends of the overall PQS.,2,Monitoring framework exists but has minor performance tracking gaps.,3,Robust quality metrics and tracking dashboards are reviewed continuously.,4
Chapter 1 - Pharmaceutical Quality System,Pharmaceutical Quality System,1.9,"Does the Quality Assurance System ensure that all necessary checks on intermediate products, in-process controls and validations are carried out?",Yes,,Falsified IPC results/ zero validation for sterile/critical forms.,1,Critical IPC skipped/ invalid/expired validation.,2,1-2 non-critical IPC logs delayed/ no batch risk.,3,Timely IPC testing/ valid process validations.,4
Chapter 1 - Pharmaceutical Quality System,Pharmaceutical Quality System,1.10,"Does the site ensure that all manufacturing processes are clearly defined, systematically reviewed based on historical performance, and that both critical process steps and significant changes are validated to guarantee consistent product quality?",Yes,Annex 15,Falsified validation data or process logs.,1,Critical steps unvalidated/ no historic review.,2,Validation report delayed/ no trend impact.,3,Validated processes/ regular data-driven reviews.,4
Chapter 1 - Pharmaceutical Quality System,Pharmaceutical Quality System,1.11,"Are instructions and procedures written in an instructional, clear and unambiguous language, specifically applicable to the defined working context?",Yes,,Zero written instructions for production steps.,1,"SOPs ambiguous, confusing, or poorly translated.",2,1-2 minor typos or unclear steps in non-critical SOPs.,3,"SOPs clear, precise, and context-specific.",4
Chapter 1 - Pharmaceutical Quality System,Pharmaceutical Quality System,1.12,Are operators trained to carry out procedures correctly?,Yes,,Untrained staff running critical/sterile steps.,1,Operators working without mandatory GMP/task training.,2,1 staff missing training log update/ task done right.,3,All staff trained/ verified competence.,4
Chapter 1 - Pharmaceutical Quality System,Pharmaceutical Quality System,1.13,"Are records made during manufacture, manually and/or by recording instruments, which demonstrate that all required steps were actually taken and that the quantity and quality of the product are as expected?",Yes,,Falsified data/ pre-dating batch records.,1,Systemic missing data/ missing signatures.,2,Minor late entry log/ no data integrity impact.,3,"Accurate, real-time manual or electronic logs.",4
Chapter 1 - Pharmaceutical Quality System,Pharmaceutical Quality System,1.14,Are any significant deviations fully recorded and investigated?,Yes,,Concealing critical batch failures or deviations.,1,Major deviations unrecorded or lack root cause analysis.,2,Minor delay in closing a non-critical deviation log.,3,"All deviations recorded, investigated, with CAPAs.",4
Chapter 1 - Pharmaceutical Quality System,Pharmaceutical Quality System,1.15,"Change Control System: Is there a formal, documented system to evaluate the impact of any proposed changes on the validated status of facilities, systems, equipment, or processes prior to implementation?",Yes,Annex 15 (11.1),No formal change control system in use.,1,Changes implemented before QA approval or before a validation impact assessment is done.,2,Change control exists but validation impact assessments are occasionally superficial.,3,"Robust change control assessing validation impact, pre-approved by QA and subject matter experts.",4
Chapter 1 - Pharmaceutical Quality System,Pharmaceutical Quality System,1.16,"CAPA System: Is there a formal system for implementing Corrective and Preventive Actions (CAPA) resulting from investigations of deviations, complaints, and OOS results?",Yes,ICH Q10,No CAPA system in place/ product defects are routinely ignored.,1,Gaps in tracking CAPAs/ recurring defects occur due to poor preventive actions.,2,"CAPA system is active, but minor delays in closing non-critical preventive actions.",3,Highly effective CAPA system/ root causes addressed/ effectiveness checks performed.,4
Chapter 1 - Pharmaceutical Quality System,Pharmaceutical Quality System,1.17,"Management of Outsourced Activities: Does the PQS incorporate responsibilities for the evaluation, selection, and control of any contract manufacturing or contract testing operations?",Yes,Chapter 7,"Using unapproved, un-audited contract facilities for critical steps.",1,Outsourced operations running without formal technical agreements or QA oversight.,2,Agreements active but minor delays in logging routine vendor re-evaluations.,3,Technical agreements in place for all subcontractors/ regular QA audits executed.,4
Chapter 1 - Pharmaceutical Quality System,Pharmaceutical Quality System,1.18,Does the Quality Assurance System ensure that there is a procedure for Self-Inspection and/or quality review to regularly assess system effectiveness?,Yes,,Absence of self-inspection system/ fake audit reports.,1,No self-inspections performed/ no CAPA tracking.,2,"Audit program slightly delayed (e.g., by 1 month).",3,Approved annual plan executed with active CAPAs.,4
Chapter 1 - Pharmaceutical Quality System,Batch Release & Distribution,1.19,Does the Quality Assurance System ensure that the finished product has been correctly processed and checked according to defined procedures?,Yes,,Falsified Certificates of Analysis (CoA) without testing.,1,Testing omitted/ unapproved deviations in final QC.,2,Delayed archiving of analytical raw data/ tests done.,3,Full testing per approved specification protocols.,4
Chapter 1 - Pharmaceutical Quality System,Batch Release & Distribution,1.20,"Do finished products comply with the composition, purity, container and labeling requirements of the Marketing Authorization?",Yes,,Intentional substitution of active ingredients/ fraud.,1,Product out of specification/ wrong label/carton used.,2,Minor artwork update delay/ no consumer/safety risk.,3,"Products match MA composition, purity, and labels.",4
Chapter 1 - Pharmaceutical Quality System,Batch Release & Distribution,1.21,"Are test results formally assessed against specifications, including a review of production documentation and process deviations?",Yes,Annex 16,Releasing OOS batches intentionally/ bypassing data.,1,Batch approved without checking open production deviations.,2,Minor clerical error in the final batch review checklist.,3,"Formal review of specs, batch records, and deviations.",4
Chapter 1 - Pharmaceutical Quality System,Batch Release & Distribution,1.22,Does the Quality Assurance System ensure that products are not sold or released before a QP certifies the batch according to the marketing authorization?,Yes,,Complete QP bypass/ releasing out-of-specification (OOS) batches.,1,Batch distributed before formal QP certification/sign-off.,2,Minor administrative omission on the QP checklist.,3,Strict batch release solely by certified QP.,4
Chapter 1 - Pharmaceutical Quality System,Batch Release & Distribution,1.23,Is every product batch certified by a Qualified Person prior to release for sale or supply?,Yes,Annex 16,QP signature forged/ illegal product release.,1,Batch sold without formal QP signature or certificate.,2,QP register missing a minor administrative update.,3,Every batch certified by an active QP prior to sale.,4
Chapter 1 - Pharmaceutical Quality System,Batch Release & Distribution,1.24,Does the QP ensure that each batch has been manufactured and tested in accordance with the marketing authorization?,Yes,,Deliberate release of a batch known to violate the MA (regulatory fraud).,1,Batch release executed without checking recent MA variations or update,2,Minor delay in archiving MA regulatory updates with no impact on release.,3,Full batch file with verified and documented compliance with the active MA.,4
Chapter 1 - Pharmaceutical Quality System,Batch Release & Distribution,1.25,"Are all deviations, deviations during transport, or planned changes fully recorded, evaluated, and approved by the QP before certification?",Yes,,Bypassing or destroying critical deviations and Out-of-Specification (OOS) data.,1,"Batch certified with open, unassessed production or quality deviations.",2,1-2 non-critical deviations have minor closing delays but carry interim QP review.,3,"All deviations/changes are closed, assessed via QRM, and carry final QP sign-off.",4
Chapter 1 - Pharmaceutical Quality System,Batch Release & Distribution,1.26,Does the PQS incorporate a robust system for Post-Marketing Commitments that is reviewed prior to batch release?,Yes,,Knowingly failing to meet critical regulatory safety commitments.,1,"Commitments are missed, overdue, or completely unmonitored during release.",2,Minor administrative format gap in the commitment tracking log.,3,"All post-marketing regulatory commitments are tracked, current, and verified.",4
Chapter 1 - Pharmaceutical Quality System,Batch Release & Distribution,1.27,"Are manufacturing and distribution records maintained in an appropriate and accessible form, enabling the complete history of a batch to be traced backward?",Yes,Annex 16,Total loss of batch history/ untraceable materials.,1,Incomplete batch files/ poor forward/backward trace.,2,Minor archiving delay/ records retrieved in 1 day.,3,Full batch history accessible/ total traceability.,4
Chapter 1 - Pharmaceutical Quality System,Batch Release & Distribution,1.28,"Does the Quality Assurance System ensure that products are stored, distributed and handled to maintain quality throughout their shelf life?",Yes,GDP Guidelines,Continuous storage in damaging conditions/ hiding excursions.,1,Product kept outside storage specs without evaluation/CAPA.,2,"Brief, documented temp excursion/ proven zero impact.",3,Full GDP compliance/ continuous temp monitoring.,4
Chapter 1 - Pharmaceutical Quality System,Batch Release & Distribution,1.29,Does the distribution of products minimize any risk to their quality?,Yes,GDP,Knowingly shipping frozen goods in boiling heat.,1,Subcontractors unvetted/ unmonitored transport routes.,2,Data logger missed one trip/ visual status verified.,3,Validated transport/ full quality preservation.,4
Chapter 1 - Pharmaceutical Quality System,Batch Release & Distribution,1.30,"Verification of Transportation: Are transport routes and conditions verified to protect product quality (temperature, humidity, vibration)?",Yes,GDP,No transportation verification performed.,1,Major routes unverified/ risk of temperature excursions is high.,2,"Transport verification is completed, but minor administrative tracking updates for validation dataloggers are delayed.",3,"Transport conditions thoroughly mapped and verified for all primary routes, considering seasonal variations.",4
Chapter 1 - Pharmaceutical Quality System,Batch Release & Distribution,1.31,Is a system available to recall any batch of product from sale or supply?,Yes,,No recall procedure/ unable to retrieve field products.,1,No mock recalls done/ recall committee not defined.,2,Mock recall slightly overdue/ procedure is up to date.,3,Validated recall SOP/ mock recalls executed.,4
Chapter 1 - Pharmaceutical Quality System,Batch Release & Distribution,1.32,Are complaints regarding marketed products examined?,Yes,,Refusing to document severe adverse event reports.,1,Complaints ignored/ systemic backlog in triage.,2,Complaint log file missing secondary QA sign-off.,3,SOP active/ strict tracking and categorization.,4
Chapter 1 - Pharmaceutical Quality System,Batch Release & Distribution,1.33,Are the causes of quality defects investigated?,Yes,,Ignoring critical defects/ no inter-batch impact check.,1,Defects closed without real root cause analysis.,2,Investigation open past deadline/ progress is logged.,3,Root cause found/ CAPA applied to all risk batches.,4
Chapter 1 - Pharmaceutical Quality System,Batch Release & Distribution,1.34,Are appropriate measures taken regarding defective products and to prevent reoccurrence?,Yes,,Distributing defective batches/ zero corrective action.,1,No action taken on known defects/ recurring issues.,2,Minor delay in executing a long-term CAPA step.,3,Effective CAPAs implemented/ reoccurrence prevented.,4
Chapter 1 - Pharmaceutical Quality System,Batch Release & Distribution,1.35,"Are regular periodic or rolling quality reviews (PQRs) conducted and documented annually for all authorized medicinal products - including export-only products - to verify process consistency, assess specification appropriateness, highlight trends and identify improvements while considering previous reviews?",Yes,,Total absence of PQR system or fabricated trend data.,1,PQRs not conducted annually or export-only products omitted.,2,"PQR completed but slightly delayed (e.g., 1-2 months).",3,"Regular, annual PQRs completed for all products.",4
Chapter 1 - Pharmaceutical Quality System,Batch Release & Distribution,1.36,"Does the annual PQR include a review of starting materials and packaging materials used for the product, especially those from new sources and including supplier traceability?",Yes,,No supply chain traceability verification/ fake data.,1,New material sources skipped in the annual PQR review.,2,Minor delay in updating 1 supplier qualification link.,3,Full traceability review/ emphasis on new supply sources.,4
Chapter 1 - Pharmaceutical Quality System,Batch Release & Distribution,1.37,Does the annual PQR include a  review of critical in-process controls and finished product results?,Yes,,Falsifying analytical data or trending imaginary graphs.,1,Systemic failure to trend IPC or finished product results.,2,1 non-critical IPC data point missing from trend charts.,3,Complete review of critical IPCs and final specs.,4
Chapter 1 - Pharmaceutical Quality System,Batch Release & Distribution,1.38,Does the annual PQR include a  review of all batches that failed to meet established specifications and their investigations?,Yes,,Hiding rejected batches/ destroying failure investigation reports.,1,Failed batches omitted from review/ lack of trending.,2,Investigation reference number missing a minor log entry.,3,All OOS/failed batches reviewed with full investigations.,4
Chapter 1 - Pharmaceutical Quality System,Batch Release & Distribution,1.39,"Does the annual PQR include a  review of all significant deviations, non-conformances, and related investigations?",Yes,,Deliberately concealing critical production deviations from PQR.,1,Significant deviations excluded from the PQR overview.,2,Minor clerical error in deviation classification in report.,3,All significant deviations and non-conformances reviewed.,4
Chapter 1 - Pharmaceutical Quality System,Batch Release & Distribution,1.40,Does the annual PQR include a  review of all changes carried out to the processes or analytical methods?,Yes,,Unapproved critical changes made without QA knowledge.,1,Changes executed without being captured in PQR trend.,2,Minor delay in closing a non-critical Change Control.,3,All process or analytical method changes tracked.,4
Chapter 1 - Pharmaceutical Quality System,Batch Release & Distribution,1.41,"Does the annual PQR include a  review of Marketing Authorization variations submitted, granted or refused?",Yes,,Operating under unapproved or rejected MA variations.,1,MA variations completely missing from the PQR scope.,2,Minor delay in logging 1 pending regulatory variation.,3,"All submitted, granted, or refused variations reviewed.",4
Chapter 1 - Pharmaceutical Quality System,Batch Release & Distribution,1.42,Does the annual PQR include a review of the stability monitoring program results and any adverse trends?,Yes,,Falsifying stability reports/ hiding OOS stability data.,1,Stability failures or adverse trends completely ignored.,2,Latest time-point stability data entry slightly delayed.,3,All stability data and adverse trends fully assessed.,4
Chapter 1 - Pharmaceutical Quality System,Batch Release & Distribution,1.43,"Does the annual PQR include a  review of all quality-related returns, complaints, and recalls and the investigations performed?",Yes,,Concealing market recalls or critical safety complaints.,1,Returns or complaints not analyzed for systemic trends.,2,Minor complaint case filed with incomplete typo fix.,3,"Full review of complaints, returns, and recalls.",4
Chapter 1 - Pharmaceutical Quality System,Batch Release & Distribution,1.44,"a review of the adequacy and effectiveness of any previous product, process, or equipment corrective actions?",Yes,,Repeating critical failures/ zero action taken on defects.,1,No effectiveness checks performed on past PQR CAPAs.,2,Minor delay in closing 1 long-term CAPA step.,3,Effectiveness check done for past corrective actions.,4
Chapter 1 - Pharmaceutical Quality System,Batch Release & Distribution,1.45,Does the annual PQR include a review of post-marketing commitments for new or varied marketing authorizations?,Yes,,Failing to meet regulatory safety commitments knowingly.,1,Post-marketing commitments missed or completely unmonitored.,2,Commitment report format lacks latest update standard.,3,All post-marketing commitments tracked and current.,4
Chapter 1 - Pharmaceutical Quality System,Batch Release & Distribution,1.46,"Does the annual PQR include a review of the qualification status of relevant equipment and utilities (e.g., HVAC, water, gases)?",Yes,,Operating critical equipment with failed qualification status.,1,Equipment/utilities running past expiry without qualification.,2,Minor requalification report delayed but work completed.,3,Qualification status of equipment/utilities (HVAC/Water) current.,4
Chapter 1 - Pharmaceutical Quality System,Batch Release & Distribution,1.47,Does the annual PQR include a review of technical or contractual arrangements (Quality Agreements) to ensure they remain current?,Yes,,No technical agreement in place for contract operations.,1,Key Quality Agreements missing or totally obsolete.,2,Agreement exists but overdue for routine review.,3,All Quality Agreements reviewed and kept current.,4
Chapter 1 - Pharmaceutical Quality System,Batch Release & Distribution,1.48,"Where the Marketing Authorization Holder  is not the actual manufacturer, is a Technical/Quality Agreement in place between the various parties that explicitly defines their respective responsibilities for conducting the PQR?",Yes,,Complete lack of communication between MAH and manufacturer.,1,No technical agreement defining responsibilities for PQR.,2,Agreement exists but lacks minor procedural detail.,3,"Clear, signed technical agreement defining PQR duties.",4
Chapter 1 - Pharmaceutical Quality System,Batch Release & Distribution,1.49,"Does the Qualified Person responsible for final batch certification, together with the MAH, ensure that the Product Quality Review is conducted in a timely manner and is accurate?",Yes,,"QP signs off on inaccurate, false, or missing PQRs.",1,QP certifies batches without reviewing annual PQR trends.,2,PQR reviewed by QP with minor late sign-off.,3,"QP and MAH ensure timely, accurate PQR release.",4
Chapter 1 - Pharmaceutical Quality System,Laboratory Control & Risk,1.50,"Are adequate facilities, trained personnel and approved procedures available for sampling, testing and environmental monitoring?",Yes,Annex 1,Total absence of EM or basic analytical capabilities.,1,Inadequate QC resources/ unmonitored GMP cleanrooms.,2,Minor delay in lab equipment service/ no trend impact.,3,"Adequate lab space, trained staff, valid EM program.",4
Chapter 1 - Pharmaceutical Quality System,Laboratory Control & Risk,1.51,Are samples of all materials and products taken by approved personnel using approved methods?,Yes,,Falsifying sample labels/ sampling in non-GMP zones.,1,Sampling done by untrained staff or unapproved methods.,2,Sampling booth cleaning log missing secondary sign-off.,3,Sampling by authorized staff via approved SOPs.,4
Chapter 1 - Pharmaceutical Quality System,Laboratory Control & Risk,1.52,Are all laboratory test methods fully validated or verified?,Yes,ICH Q2,Fabricating validation parameters or stability data.,1,Using unvalidated/unverified non-compendial methods.,2,Method transfer report lacks one minor signature.,3,All lab test methods fully validated or verified.,4
Chapter 1 - Pharmaceutical Quality System,Laboratory Control & Risk,1.53,"Are records maintained for all sampling and testing activities, and are any testing deviations fully recorded and investigated?",Yes,OOS Guideline,Destruction of raw data/ erasing failing test runs.,1,OOS results closed without full phase I/II investigation.,2,Minor delay in closing a non-critical lab deviation.,3,Full raw data kept/ OOS/OOT fully investigated.,4
Chapter 1 - Pharmaceutical Quality System,Laboratory Control & Risk,1.54,Are sufficient reference and retention samples of starting materials and finished products stored in their final pack?,Yes,Annex 19,No retention samples kept/ intentional disposal.,1,Insufficient sample quantities to perform full double retest.,2,Retention room temp log missing a brief single entry.,3,Sufficient samples kept in final packs per schedule.,4
Chapter 1 - Pharmaceutical Quality System,Laboratory Control & Risk,1.55,"Does the quality risk management system ensure that risk evaluations are based on scientific knowledge and process experience to ultimately protect the patient, and is the level of effort, formality, and documentation commensurate with the level of identified risk?",Yes,,Total absence of QRM system or completely fabricated risk assessment matrices.,1,Assessments lack scientific basis/ effort does not match risk/ poor patient safety consideration.,2,"QRM is implemented well, but 1-2 risk tools lack formal deep justification or late review.",3,"Risk assessments are strictly science-based, patient-focused, and documentation effort matches risk level perfectly.",4
Chapter 2 - Personnel,Duties,2.1,Is there an organizational chart?,No,,No organizational chart exists at all.,1,Significant control gap,2,Chart exists but review date is expired.,3,"Updated, signed and approved chart.",4
Chapter 2 - Personnel,Duties,2.2,Are the heads of Production and Quality Control independent from each other?,Yes,,Production manager approves their own batches.,1,QC reports directly to head of production.,2,No material issue; independence largely maintained with minor gaps.,3,Equal authority; both report to CEO.,4
Chapter 2 - Personnel,Duties,2.3,"Is the staff sufficient in number, with the necessary qualifications and practical experience?",Yes,,Falsified degrees/CVs discovered.,1,Severe understaffing or unqualified key personnel.,2,1-2 minor degrees missing from files.,3,"Headcount studies, valid CVs/degrees on file.",4
Chapter 2 - Personnel,Duties,2.4,Are there documented and clearly stated job duties for all persons in responsible positions?,No,,"No job duties for critical roles (QP, Production, QC).",1,Significant gaps in documented job duties.,2,Job duties missing for 1-2 lower-level supervisors.,3,"Detailed, active jod duties for all key personnel.",4
Chapter 2 - Personnel,Duties,2.5,Are they complete and in accordance with the GMPs?,No,,jod duties are generic HR-style - zero GMP references.,1,Significant GMP responsibility gaps.,2,Minor GMP tasks omitted from jod duties.,3,Explicit GMP responsibilities listed in jod duties.,4
Chapter 2 - Personnel,Duties,2.6,Have they been signed by all relevant personnel?,No,,Mass absence of employee signatures on jod duties.,1,Significant signature gaps.,2,1-2 signatures missing from a large batch.,3,All jod duties signed and dated by employees.,4
Chapter 2 - Personnel,Duties,2.7,Do the relevant persons have sufficient authority to perform their duties?,No,,Management overrides QC/QA rejection decisions.,1,Authority is materially constrained or delayed.,2,Delays in executing quality decisions.,3,SOPs grant QC/QA power to stop lines/reject lots.,4
Chapter 2 - Personnel,Duties,2.8,Has it been ensured that there are no gaps or unjustified overlaps in the responsibilities of those personnel involved in the implementation of the GMPs?,No,,"Core duties (OOS, deviations) left unassigned.",1,Significant responsibility gaps or overlaps.,2,Minor overlap in non-critical tasks.,3,"Clear responsibility matrix - no ""gray zones"".",4
Chapter 2 - Personnel,Duties,2.9,Are there established arrangements for the performance of duties by deputies in the absence of the responsible persons and QP?,No,,No backup/deputy assigned for QP or managers/ heads.,1,Significant gaps in deputy coverage.,2,Matrix missing a newly assigned backup.,3,Approved deputy SOP and updated deputy matrix,4
Chapter 2 - Personnel,Training,2.10,Are there training programs in place? Are these programs maintained/followed on an annual basis?,No,,No annual training program exists (ad-hoc only).,1,Annual training program is substantially incomplete.,2,>20% of planned courses canceled/postponed.,3,Completed annual plan with end-of-year review.,4
Chapter 2 - Personnel,Training,2.11,"Are they approved by either the head of Production or the head of Quality Control, as appropriate?",No,,Training plans implemented without any head approval.,1,Approval is incomplete or not formally documented.,2,"Plan approved via email, not on the document.",3,Annual plan signed off by Production and QC Heads.,4
Chapter 2 - Personnel,Training,2.12,Participation of all personnel affecting product quality in training.,No,,Entire department has no GMP training.,1,Significant training coverage gaps.,2,1-2 maintenance staff missed a routine session.,3,"production, QC, QA, warehouse, maintenance trained.",4
Chapter 2 - Personnel,Training,2.13,Is basic training on the theory and practice of GMP provided to newly recruited personnel?,No,,New hires placed directly on lines with zero training.,1,Training is not completed before work starts.,2,Induction training delayed by 2-3 months.,3,Induction GMP training completed before line entry.,4
Chapter 2 - Personnel,Training,2.14,Is training provided on an ongoing basis?,No,,Training is one-time only - no refreshers ever done.,1,Ongoing training is materially incomplete or delayed.,2,Annual refresher courses delayed by one quarter.,3,Annual training calendar with routine refreshers.,4
Chapter 2 - Personnel,Training,2.15,"Is the concept of Quality Assurance, as well as the measures that can improve its understanding and implementation, fully discussed during training sessions?",No,,QA concept ignored; training focuses only on speed.,1,QA understanding is materially deficient.,2,QA mentioned only as a brief definition.,3,QA philosophy and culture included in slides.,4
Chapter 2 - Personnel,Training,2.16,Is the practical effectiveness of the training periodically assessed?,No,,No assessment system - staff only signs attendance sheets.,1,Effectiveness assessment is incomplete or inconsistently applied.,2,Grading records missing for 1-2 employees.,3,Written quizzes or practical on-the-Job testing.,4
Chapter 2 - Personnel,Training,2.17,Are written training records maintained?,Yes,,Falsified training logs/signatures.,1,Total absence of training records and logs.,2,Attendance sheets missing for 1-2 minor courses.,3,Individual training files and signed logs.,4
Chapter 2 - Personnel,Training,2.18,"Does personnel working in areas where there is a risk of contamination (e.g., cleanrooms or areas where highly active, toxic, infectious, or sensitizing materials are handled) receive specific training?",Yes,,Untrained staff causing mass product contamination.,1,Untrained staff entering active cleanrooms.,2,Re-qualification delayed by a few days.,3,Gowning qualification & sterile/toxic SOP logs.,4
Chapter 2 - Personnel,Training,2.19,"Are visitors or untrained personnel excluded from production and quality control areas? If this is unavoidable, are they given prior information, particularly regarding personal hygiene and the required protective clothing?",No,,Visitors enter production zones in regular clothes.,1,Visitor controls are materially deficient.,2,Logbook fields missing for a single day.,3,Visitor logs and hygiene briefing sheets signed.,4
Chapter 2 - Personnel,Training,2.20,Are there instructions for the guidance of external personnel (contractors/visitors) and are they closely supervised?,No,,External contractors left unescorted over open lines.,1,Contractor/visitor controls are materially deficient.,2,Escort signature missing on 1 contractor log.,3,Escort logs and dedicated SOP for contractors./ Dedicated single-use visitor kits (clothes),4
Chapter 2 - Personnel,Training,2.21,"Are all personnel involved in manufacturing and testing appropriately trained, and is the QP's continuous education maintained?",Yes,,"Untrained staff executing critical/sterile steps, or QP lacks legal credentials.",1,Personnel operating critical equipment or signing off tasks without mandatory training.,2,"1 staff training record is missing a recent update, but task competence is proven.",3,"Comprehensive, up-to-date training logs and verified competence for all staff and QPs.",4
Chapter 2 - Personnel,Personnel Hygiene,2.22,Have detailed hygiene programs been established?,No,,No written hygiene program exists.,1,Hygiene program is materially incomplete or not controlled.,2,SOP exists but missing minor facility zones.,3,"Comprehensive, approved site hygiene SOPs.",4
Chapter 2 - Personnel,Personnel Hygiene,2.23,Are hygiene programs adapted to the specific needs of the facility?,No,,Same basic rules used for sterile and non-sterile areas.,1,Hygiene rules are not adequately tailored to facility needs.,2,Generalized rules; lacks zone specificity.,3,Custom rules for cleanrooms vs. warehouses.,4
Chapter 2 - Personnel,Personnel Hygiene,2.24,"Do programs include rules on health, hygiene practices and clothing?",No,,SOP omits an entire category like health reporting.,1,"Hygiene SOP has notable content gaps (e.g., health reporting).",2,"Minor detail missing (e.g., jewelry rules unlisted).",3,"SOP covers medical checks, grooming, gowning.",4
Chapter 2 - Personnel,Personnel Hygiene,2.25,Is the hygiene program actively promoted by the Genereal management?,No,,Management bypasses gowning rules during plant tours.,1,Management engagement with the hygiene program is inconsistent.,2,Policy signed late by the site director.,3,"Management signs policies, provides budget.",4
Chapter 2 - Personnel,Personnel Hygiene,2.26,Are hygiene practices extensively discussed during training sessions?,No,,No formal hygiene training provided to operators.,1,Hygiene training coverage is materially incomplete.,2,Hygiene training delayed for a few employees.,3,Dedicated hygiene modules in training logs.,4
Chapter 2 - Personnel,Personnel Hygiene,2.27,Does all personnel undergo medical examination upon recruitment?,No,,Core production staff hired with zero medical vetting.,1,Significant gaps in pre-employment medical vetting.,2,1-2 non-critical staff files missing medical sheets.,3,Pre-employment health clearance certificates.,4
Chapter 2 - Personnel,Personnel Hygiene,2.28,Is the annual medical examination schedule strictly maintained?,No,,Total failure to maintain or execute the annual schedule.,1,Annual medical exam schedule is materially behind.,2,Schedule slipped by 1–2 months due to clinic delays.,3,Validated tracking matrix showing full compliance.,4
Chapter 2 - Personnel,Personnel Hygiene,2.29,Are medical examinations conducted following the initial screening whenever necessary to ensure occupational and personal health standards are maintained?,No,,No follow-up or situational medical checks performed.,1,Follow-up medical checks are inconsistently performed.,2,1 operator missed their annual health check window.,3,Routine follow-up health checks for operators.,4
Chapter 2 - Personnel,Personnel Hygiene,2.30,Are there procedures to ensure  that personnel are notified regarding hygiene conditions that may be of importance?,No,,No system to update staff on changing health rules.,1,Staff notification on hygiene matters is unreliable.,2,Informational posters faded or outdated.,3,"Signed signs, alerts or memos on hygiene.",4
Chapter 2 - Personnel,Personnel Hygiene,2.31,Are measures taken to exclude personnel with infectious diseases or open wounds from production?,Yes,,Confirmed contagious infection spread via staff on line.,1,Chronically ill/openly wounded staff working on lines.,2,Sick log missing supervisor signature for 1 day.,3,Active health reporting logs and triage SOP.,4
Chapter 2 - Personnel,Personnel Hygiene,2.32,Are there records for the issuance of uniforms and personal protective equipment to personnel?,No,,Zero traceability of who received mandatory PPE.,1,Significant gaps in PPE issuance traceability.,2,Missing a few signatures on the uniform receipt forms.,3,Individual logs for gown/PPE distribution.,4
Chapter 2 - Personnel,Personnel Hygiene,2.33,Are hygiene rules strictly followed by all personnel entering production and quality control areas ?,Yes,,Untrained/ill operators in open product zones.,1,Widespread gowning violations across the plant floor.,2,1 operator forgot to tuck hair completely into cap.,3,Real-time observation shows total compliance.,4
Chapter 2 - Personnel,Personnel Hygiene,2.34,"Could you confirm the existence of the designated GMP gowning and changing rooms, and clarify how they comply with the required regulatory specifications?",Yes,,Cross-contamination of flows (clean vs. dirty) inside a Sterile manufacturing personnel airlock.,1,No physical segregation (no step-over bench). Severe overcrowding in the personnel airlock. Shortage of clean uniforms forcing reuse.,2,"Minor untidiness in the personnel airlock (e.g., a single discarded hairnet left outside the bin).",3,Perfect physical segregation (Step-over bench). Visual gowning aids posted. Adequate stock of clean garments.,4
Chapter 2 - Personnel,Personnel Hygiene,2.35,Is appropriate protective clothing worn by everyone entering production areas?,Yes,,Zero PPE worn during sterile core operations.,1,Staff working in critical areas without required PPE.,2,Operator wearing the wrong type of gloves briefly.,3,Correct gowning grade used in every zone.,4
Chapter 2 - Personnel,Personnel Hygiene,2.35a,Is personnel instructed and trained on the correct use of hand-washing facilities?,No,,No training or verification of proper handwashing.,1,Hand-washing training is inconsistently verified.,2,Hand-washing SOP training missing 1 signature.,3,Practical hand-washing training records.,4
Chapter 2 - Personnel,Personnel Hygiene,2.36,Is direct hand contact with exposed product or product-contact equipment surfaces avoided?,Yes,,Bare hand contact during sterile batch formulation.,1,Bare hand contact with open product or contact surfaces.,2,Operator touched non-product contact surface wrongly.,3,Tools or sterile gloves used; no bare hands.,4
Chapter 2 - Personnel,Personnel Hygiene,2.37,"Is eating, drinking, chewing, smoking, or storing personal meds forbidden in the production and storage area?",Yes,,Severe pest infestation due to food waste on line.,1,"Food, beverages or personal medications found on open lines.",2,Sealed water bottle found at a desk near a GMP area.,3,Clear signage; zero violations on plant floor.,4
Chapter 2 - Personnel,Personnel Hygiene,2.38,Are all unhygienic practices prohibited in areas where the product may be adversely affected?,No,,Widespread unhygienic behavior observed on lines.,1,Unhygienic practices occur beyond isolated incidents.,2,Minor procedural error without product risk.,3,"Spitting, coughing over lines strictly banned.",4
Chapter 3 - Premises & Equipment,General Premises Requirements,3.1,"Are the premises situated in an environment that, when considered in conjunction with measures to protect the manufacture, presents minimal risk of causing contamination of materials or products?",Yes,"WHO TRS 986, 21 CFR 211.42",Direct contamination of production areas from external environment.,1,Severe influx of external pollutants into the facility. No containment measures.,2,Minor documentation gaps in the risk assesment or neighboring activities (e.g. dust generation) have mitigation measures in place but exhibit incomplete monitoring.,3,Location presents no obvious external risks. An active documented Risk assesment for environemental pollutants is in place.,4
Chapter 3 - Premises & Equipment,General Premises Requirements,3.2,"Are the premises maintained with care, ensuring that repair and maintenance operations do not present any hazard to the quality of the products?",Yes,"WHO TRS 986, 21 CFR 211.58",Extensive structural failure causing direct product contamination.,1,Maintenance work performed during production without isolation or SOPs.,2,"Minor delays in PM execution or visible minor damage (peeling paint, cracks).",3,Approved preventive maintenance plan active. Premises in pristine condition with no defects.,4
Chapter 3 - Premises & Equipment,General Premises Requirements,3.3,"Are the premises cleaned and, where applicable, disinfected according to detailed written procedures?",Yes,"Annex 1, 21 CFR 211.56","Visible mold, severe dirt buildup, or cross-contamination on contact surfaces.",1,"Absence of cleaning SOPs, use of unapproved chemicals or visible dirt/ residues in unprotected areas.",2,"Minor log omissions, inadequate cleaning, or unvalidated contact times in non critical areas.",3,"Detailed cleaning SOPs are active, disinfectant rotation is validated and logs are fully complete on time.",4
Chapter 3 - Premises & Equipment,General Premises Requirements,3.4,"Are lighting, temperature, humidity, and ventilation appropriate and such that they do not adversely affect, directly or indirectly, either the medicinal products during their manufacture and storage, or the accurate functioning of equipment?",Yes,"ISO 14644, FDA Guidance",No environmental control. Product damaged or altered by environment.,1,"Differential pressure deviations out of specification without initiated action/ deviation reports, or use of out-of-callibration sensors.",2,"Sporadic, momentary parameter excursions that are immediately corrected (via automated alarms) and justified (e.g. door open). Sensors remain within calibration limits.",3,Calibrated instruments. Stable HVAC parameters with continuous monitoring.,4
Chapter 3 - Premises & Equipment,General Premises Requirements,3.5,Are the premises designed and equipped so as to afford maximum protection against the entry of insects or other animals?,Yes,"WHO TRS 986, 21 CFR 211.56",Live rodents or insects found inside critical production or open product zones.,1,"Evidence of pests (droppings, nesting) found in storage or corridors without an open CAPA, or failure of the certified contractor to respond adequately.",2,Minor map/trap update delays or structural gaps/holes allowing insect entry.,3,Active pest map. Certified contractor. Regular inspections. Zero pests.,4
Chapter 3 - Premises & Equipment,General Premises Requirements,3.6,Are specific measures in place to prevent the entry of unauthorized personnel?,Yes,"WHO TRS 986, ISPE GAMP 5",Free public or unauthorized access into critical or sterile zones.,1,Complete absence of locking mechanisms or access controls at entrances.,2,Doors occasionally propped open or unauthorized staff moving unescorted.,3,Electronic badge access or locked doors. Authorized personnel only.,4
Chapter 3 - Premises & Equipment,General Premises Requirements,3.7,"Are measures taken to ensure that production, storage, and quality control areas are not used as right-of-way (passageways) by personnel who do not work in them?",Yes,WHO TRS 986,Flow design causing direct product mix-ups or sterile area breach.,1,Crossing flows of raw materials and waste without any separation.,2,Minor material flow deviations or non-production staff using corridors as shortcuts.,3,One-way flow for personnel/materials. No passageway shortcuts.,4
Chapter 3 - Premises & Equipment,Production Area,3.8,"Dedicated facilities: Are dedicated and self contained facilities provided for high-risk products (e.g. penicillins, biologicals) to prevent cross-contamination?",Yes,"EU GMP Annex 1, FDA 21 CFR 211.42(c), WHO TRS 961 Annex 5",Complete lack of dedicated facilities for highly hazardous substances.,1,High-risk products manufactured in shared facilities without adequate containment.,2,"Dedicated facilities exist, but minor documentation gaps in technical campaign validation or cleaning validation protocols.",3,"Completely self-contained & dedicated facilities for high-risk products (e.g., penicillins, biologicals) preventing cross-contamination.",4
Chapter 3 - Premises & Equipment,Production Area,3.9,Production flow: Are premises laid out to allow production to take place in areas connected in a logical order corresponding to the sequence operations and to the requisite cleanliness levels?,Yes,"WHO TRS 986 Annex 2 (11.4), FDA 21 CFR 211.42","Complete disregard for chronological operations, causing permanent contamination.",1,Poor layout causing frequent crossing movements of materials between levels.,2,"Minor spatial deviations in layout, but mitigated by strict administrative SOPs.",3,Logical sequence layouts corresponding to production operations and cleanliness classes.,4
Chapter 3 - Premises & Equipment,Production Area,3.10,Is there sufficient space to allow the orderly and logical positioning of equipment and materials so as to minimize risks of mix - ups and cross - contamination?,Yes,"WHO TRS 986 Annex 2 (11.4), FDA 21 CFR 211.42",Total space congestion causing critical storage failures or line mix-ups.,1,Insufficient space leading to chaotic material accumulation or blocked walkways.,2,"Spaces are slightly cramped, but clear floor markings prevent mix-ups.",3,Ample room allowing orderly and logical placement of equipment and materials.,4
Chapter 3 - Premises & Equipment,Production Area,3.11,"In areas where raw materials, primary packaging components, intermediate or bulk products are exposed to the environment, are interior surfaces (walls, floors, and ceilings) smooth, free from cracks and open joints and non-shedding? Do they permit easy and effective cleaning and, where necessary, disinfection?",Yes,"EU GMP Annex 1, FDA 21 CFR 211.42",Structural degradation shedding particles directly above open product lines.,1,"Deep cracks, exposed porous surfaces, or peeling paint near bulk materials.",2,"Minor wear, superficial scratches, or small wall joints requiring resealing.",3,"Interior surfaces are completely smooth, free from cracks, and non-shedding.",4
Chapter 3 - Premises & Equipment,Production Area,3.12,"Are pipes, light, fitting and ventilation points designed/ sited to avoid creating recesses that are difficult to clean?",Yes,WHO TRS 986 Annex 2 (11.6),"Protruding, dirty utilities directly over open product lines with structural gaps.",1,Exposed utilities or deep recesses in production rooms accumulating dust.,2,Ledges or recesses exist but are integrated into regular deep-cleaning protocols.,3,"Pipes, lights, and ventilation points designed to eliminate recesses.",4
Chapter 3 - Premises & Equipment,Production Area,3.13,"Are utilities and service points accessible from outside manufacturing areas for maintenance purposes, wherever possible?",Yes,ISPE Good Practice Guide,Uncontrolled personnel entering active cleanrooms to perform raw emergency repairs.,1,Maintenance access requires breaking production zones without isolation protocols.,2,"Maintenance access requires cleanroom entry, but strict isolation SOPs are followed.",3,Utilities and service components are fully accessible from outside manufacturing zones.,4
Chapter 3 - Premises & Equipment,Production Area,3.14,Are drainage facilities of adequate size for the intended operations?,Yes,FDA 21 CFR 211.50,"Immediate drainage backing up, flooding production corridors during operations.",1,Inadequate drainage sizing resulting in periodic liquid overflows onto floors.,2,"Drains are adequate, but minor delayed flow occurs during peak washdowns.",3,"Drainage systems are of excellent, adequate size. Zero stagnation during full-load.",4
Chapter 3 - Premises & Equipment,Production Area,3.14 (a),Are drains equipped with trapped gullies (siphons) to prevent backflow and odors?,Yes,WHO TRS 986 Annex 2 (11.7),"Complete lack of traps, presenting open sewage connections inside cleanrooms.",1,"Broken, missing, or dried-out siphons causing distinct sewage odor ingress.",2,Siphons are installed but show minor design quirks making checks difficult.,3,All drains are equipped with trapped gullies to prevent backflow and odors.,4
Chapter 3 - Premises & Equipment,Production Area,3.14 (b),Are open drainage channels avoided wherever possible?,Yes,FDA 21 CFR 211.50,Open channels carrying stagnant wastewater running through core production zones.,1,Open channels present in standard zones without daily sanitization protocols.,2,"Open channels exist in low-risk zones, with strict shift sanitization protocols.",3,Open drainage channels are entirely avoided across the facility wherever possible.,4
Chapter 3 - Premises & Equipment,Production Area,3.14 (c),If open channels are necessary are they shallow for easy cleaning and disinfection?,Yes,WHO TRS 986 Annex 2 (11.7),"Deep, inaccessible, rough drainage trenches harboring massive bioburden.",1,"Rough, pitted channel surfaces or poor slopes causing stagnant wastewater puddles.",2,Channels are slightly deep but remain accessible to manual brushing.,3,"Open channels are shallow, built with smooth slopes for easy cleaning.",4
Chapter 3 - Premises & Equipment,Production Area,3.15,"Air Handling Systems (HVAC): Are production areas effectively ventilated with air control facilities (temperature, humidity, filtration) appropriate for the products and the external environment?",Yes,"EU GMP Annex 1, ISO 14644ISPE HVAC Guide","Complete failure of HVAC airflow, causing reverse air flows from dirty areas.",1,Out-of-specification differential pressures or filtration monitoring failures.,2,Minor HVAC log gaps or rare parameter drift quickly corrected by automation.,3,Production areas effectively ventilated with advanced air control optimized for products.,4
Chapter 3 - Premises & Equipment,Production Area,3.16,"Dedicated Weighing Areas: Is the weighing of raw materials performed in a separate, specially designed weighing room?",Yes,WHO TRS 986 Annex 2 (11.11),Disorganized mass weighing of multiple active raw materials simultaneously.,1,"Raw materials weighed in open, shared production areas or hallways.",2,Dispensary room is well-designed but lacks separate entry/exit airlocks.,3,"Raw material dispensing performed in a separate, specially designed weighing room.",4
Chapter 3 - Premises & Equipment,Production Area,3.17,"Dust control measures: Are specific measures taken to prevent cross-contamination and facilitate cleaning in dust-generating processes (e.g., sampling, mixing)?",Yes,FDA 21 CFR 211.42,"Total absence of dust control, resulting in severe cross-contamination.",1,"Local dust extraction inadequate or broken, causing visible dust spread.",2,"Extraction functional, but minor dust settling due to delayed filter maintenance.",3,Specific measures fully prevent cross-contamination in dust-generating steps.,4
Chapter 3 - Premises & Equipment,Production Area,3.18,Packaging Area Design: Are packaging facilities specifically designed and laid out to prevent mix-ups or cross-contamination?,Yes,"FDA 21 CFR 211.42, WHO TRS 986 Annex 2 (11.13)",Multiple products packaged concurrently on adjacent unsegregated lines.,1,"Inadequate physical separation between adjacent packaging lines, risking mix-ups.",2,"Line clearance protocols are excellent, but lines are physically close together.",3,Packaging facilities are laid out with physical segregation to prevent mix-ups.,4
Chapter 3 - Premises & Equipment,Production Area,3.19,"Adequate Lighting: Are production areas well-lit, particularly where visual on-line controls (inspections) are performed?",Yes,"FDA 21 CFR 211.44, WHO TRS 986 Annex 2 (11.14)",Broken or absent lighting at critical visual inspection stations.,1,"Dim lighting in active manufacturing zones, compromising defect detection.",2,"Lighting is sufficient, but minor log delays in checking backup systems.",3,"Production areas are brightly lit, especially at visual inspection stations.",4
Chapter 3 - Premises & Equipment,Production Area,3.20,Are In-Process Controls performed within the production area without posing any risk to the manufacturing process?,Yes,FDA 21 CFR 211.110,"IPC testing activities introducing major, unmitigated contamination into the line.",1,"IPC testing stations exhibit residues from the previous product (line clearance failure), or testing instruments (weight/thickness/hardness) are out of calibration.",2,"IPC equipment is proper, but minor documentation omissions on daily verifications.",3,IPCs performed within production area securely without posing any process risk.,4
Chapter 3 - Premises & Equipment,Storage Area,3.21,"Do storage areas have sufficient capacity for the orderly storage of the various categories of materials and products (starting and packaging materials, intermediate, bulk, and finished products, products in quarantine, released, rejected, retutned, recalled)?",Yes,WHO 11.15,Total chaos - unable to distinguish or find specific material batches.,1,Critical lack of space causing mixed storage of approved and quarantined lots.,2,"Space is limited or slightly untidy, but materials remain identifiable.",3,Sufficient capacity; all material categories orderly separated and organized.,4
Chapter 3 - Premises & Equipment,Storage Area,3.22 (a),"Storage Conditions & Environmental Control: Are storage areas designed or adapted to ensure good storage conditions? Are they clean, dry, and maintained within acceptable temperature limits?",Yes,21 CFR 211.142,Extreme conditions causing visible material degradation or spoilage.,1,"Areas dirty, humid, or temperatures consistently outside specified limits.",2,"Minor dust or rare, short temperature drifts quickly corrected.",3,"Clean, dry, and strictly maintained within specified temperature limits.",4
Chapter 3 - Premises & Equipment,Storage Area,3.22 (b),Are special conditions (temperature/ humidity) monitored and recorded where required?,Yes,WHO 11.16,No monitoring tools present in rooms storing temperature-sensitive materials.,1,Total lack of monitoring records or uncalibrated sensors for critical zones.,2,Manual logs used with minor gaps or delayed chart replacements.,3,Continuous automated monitoring and mapping of special temperature/humidity.,4
Chapter 3 - Premises & Equipment,Storage Area,3.23,Do receiving and dispatch bays protect materials from the weather? Can incoming containers be cleaned before storage if necessary?,Yes,WHO 11.17,Incoming materials heavily water-damaged or soiled due to zero shelter.,1,Materials exposed to rain/sun during unloading; no container cleaning step.,2,"Good protection, but minor dust ingress during severe weather events.",3,Complete weather protection at bays. Validated cleaning area for incoming goods.,4
Chapter 3 - Premises & Equipment,Storage Area,3.24 (a),Quarantine: Are separate quarantine areas clearly marked? Is access restricted to authorized personnel only?,Yes,WHO 11.18,Free access to quarantine. Unapproved materials moved to production.,1,"Physical quarantine areas lack locks or access controls entirely, even if they are demarcated on the floor.",2,"Zones are locked but feature minor omissions in the entry/exit logbook, or physical quarantine labels are missing from <5% of the pallets (while the area remains enclosed).",3,Physical quarantine areas are clearly marked and restricted to authorized staff.,4
Chapter 3 - Premises & Equipment,Storage Area,3.24 (b),Does any electronic system (ERP/WMS) offer equivalent security to physical quarantine?,Yes,ISPE GAMP 5,System failure allowing unreleased materials to be automatically picked.,1,Unvalidated system or system overrides allowed without QA approval.,2,Electronic system active but minor delay in updating status changes.,3,Validated electronic system (ERP/WMS) providing total status control security.,4
Chapter 3 - Premises & Equipment,Storage Area,3.25,"Sampling area: Is there a separate sampling area for starting materials? If sampling is in the warehouse, is cross-contamination prevented?",Yes,WHO 11.19,"Total absence of sampling controls, causing direct cross-contamination.",1,Sampling done in open warehouse zones risking massive dust spread.,2,Warehouse sampling occurs with proper local hooks but minor log gaps.,3,Dedicated separate sampling area with active cross-contamination controls.,4
Chapter 3 - Premises & Equipment,Storage Area,3.26,Are segregated/locked areas provided for rejected or recalled products?,Yes,WHO 11.21,Rejected or recalled items found mixed into active production lines.,1,Rejected products stored alongside approved stock without physical barriers.,2,Areas are segregated but lock is temporarily broken or bypassed.,3,Rigidly segregated and locked areas for rejected or recalled products.,4
Chapter 3 - Premises & Equipment,Storage Area,3.27,Are highly active materials stored in safe and secure areas?,Yes,21 CFR 211.42,Toxic or highly active materials leaking openly with zero containment.,1,Highly active materials left unsecured in general warehouse zones.,2,Secure storage exists but access log documentation has minor omissions.,3,"Highly active materials stored in dedicated, safe and secure areas.",4
Chapter 3 - Premises & Equipment,Storage Area,3.28 (a),Printed packaging materials: Are printed packaging materials considered critical? Do they comply with the specifications of the medicinal product?,Yes,21 CFR 211.125,Wrong or unapproved printed components accepted and used on lines.,1,Materials stored without verification against approved specifications.,2,Minor delays in archiving updated specification files for printed goods.,3,Printed packaging materials managed as critical. Full compliance with approved specifications,4
Chapter 3 - Premises & Equipment,Storage Area,3.28 (b),Is special attention paid to the secure storage of printed materials?,Yes,WHO 11.22,"Complete lack of security, leading to unchecked distribution of labels.",1,"Printed components stored openly on common racks, risking mix-ups.",2,Secured storage active but keys/codes are accessible to unauthorized shifts.,3,"Printed materials held in strictly secure, access-controlled storage.",4
Chapter 3 - Premises & Equipment,Quality Control Area,3.29,Are Quality Control laboratories separated from production areas?,Yes,"WHO 11.23, 21 CFR 211.42",Testing activities performed directly inside active production rooms.,1,Direct physical connection or shared doors between QC labs and manufacturing.,2,"Laboratories are physically separated, differential pressure is correct, but there are minor deficiencies in the signage or personnel flow routing between QC and production.",3,QC laboratories completely separated from production zones with distinct air handling.,4
Chapter 3 - Premises & Equipment,Quality Control Area,3.30,Are Quality Control laboratories designed to be suitable for their intended operations?,Yes,WHO 11.23,"Unsuitable design lacking basic containment, invalidating test environment integrity.",1,Poor design causing high cross-contamination risk between different test types.,2,"Adequate design, but minor surface wear or cramped layout at some benches.",3,Design perfectly suits all intended operations with proper non-shedding surfaces.,4
Chapter 3 - Premises & Equipment,Quality Control Area,3.31,Is there sufficient space to avoid mix-ups and cross-contamination?,Yes,WHO 11.24,Extreme overcrowding causing documented sample cross-contamination or loss.,1,Insufficient space leading to overlapping tests and clear sample mix-up risks.,2,"Slightly cramped work areas, but mitigated by strict visual labeling and workflows.",3,"Ample workbench space; flawless segregation of samples, reagents, and standards.",4
Chapter 3 - Premises & Equipment,Quality Control Area,3.32,Is there adequate storage space for samples and records?,Yes,"WHO 11.24, 21 CFR 211.160",Total lack of secure storage. Critical raw data or samples left completely exposed.,1,Inadequate or uncontrolled storage areas risking damage or loss of GMP records.,2,"Storage exists, but minor backlog in archiving older analytical data logs.",3,"Dedicated, highly organized, and secure storage for all samples and records.",4
Chapter 3 - Premises & Equipment,Quality Control Area,3.33,"Are there separate rooms to protect sensitive instruments (vibrations, etc.)?",Yes,WHO 11.25,"Critical equipment exposed to extreme instability, causing frequent data distortion.",1,Sensitive instruments kept on shared benches exposed to severe vibration or moisture.,2,"Equipment isolated, but minor log gaps on local environmental parameter checks.",3,Separate dedicated rooms shield sensitive equipment from vibration and moisture,4
Chapter 3 - Premises & Equipment,Ancillary Areas,3.34,Are rest and refreshment areas separated from other areas?,Yes,"WHO 11.26, 21 CFR 211.46","Open eating, drinking, or smoking occurring directly inside production or warehouses.",1,Food/drink storage or consumption spills over into non-dedicated transition corridors.,2,"Minor tidiness gaps or delayed cleaning logs, but zones are strictly isolated.",3,Rest and refreshment areas are completely separate from production and storage zones.,4
Chapter 3 - Premises & Equipment,Ancillary Areas,3.35,"Are changing, washing, and toilet facilities adequate and easily accessible?",Yes,"WHO 11.27, 21 CFR 211.52",Grossly unsanitary facilities with widespread microbial risk or lack of running water.,1,"Insufficient number of toilets/sinks for staff, leading to hygiene bottlenecks or neglect.",2,"Facilities are compliant but exhibit minor maintenance delays (e.g., broken soap dispenser).",3,"Changing, washing, and toilets are highly adequate, clean, and easily accessible.",4
Chapter 3 - Premises & Equipment,Ancillary Areas,3.36,Do toilets communicate directly with production or storage areas?,Yes,"WHO 11.27, 21 CFR 211.52",Toilet facilities open directly into critical production rooms or core cleanrooms.,1,Toilet doors open directly into warehouse zones or low-grade processing corridors.,2,"Toilets have an intervening anteroom, but its airlock doors are occasionally left open.",3,Toilets do not open or communicate directly with any production or storage room.,4
Chapter 3 - Premises & Equipment,Ancillary Areas,3.37,Are maintenance workshops separated from production areas?,Yes,WHO 11.28,"Open machining, welding, or heavy tool grinding executed inside active production areas.",1,Technical repair workshops are built inside production zones without physical containment.,2,"Workshops are separate, but minor tooling parts are temporarily staged outside without tags.",3,Maintenance workshops are fully isolated and distinct from manufacturing lines.,4
Chapter 3 - Premises & Equipment,Ancillary Areas,3.38,Are tools/parts in production areas kept in dedicated rooms or lockers?,Yes,WHO 11.29,"Uncleaned, greasy tools stored directly inside product-contact equipment housings.",1,Engineering tools left scattered openly on production floors or on top of active machines.,2,"Tools are kept in dedicated lockers. Minor incomplete cleaning of a tool after use (e.g. light oil), but it is securely stored outside the active production zone.",3,"All tools and spare parts are securely kept in dedicated, locked rooms or lockers.",4
Chapter 3 - Premises & Equipment,Equipment,3.39,"Are user requirements specifications (URS) established, covering quality, regulatory and safety requirements?",No,21 CFR 211.63,"URS are generic, supplied purely by the vendor without site-specific quality input or No URS documentation exists.",1,URS exist but lack meaningful traceability to risk assessments or CQAs.,2,URS exist but are weak on specific quality attributes or risk management links.,3,"Detailed URS exist for all systems, tracing directly to risk assessments and CQAs.",4
Chapter 3 - Premises & Equipment,Equipment,3.40,"Is manufacturing equipment designed, located and maintained to serve its intended purpose?",Yes,"WHO 12.1, 21 CFR 211.63","Totally unsuitable equipment size or design being used, corrupting batch consistency.",1,"Equipment poorly located, creating a cramped workspace or high operational mix-up risks.",2,"Good design and location, but minor delays in updating the active asset maintenance file.",3,"Equipment is perfectly designed, located, and maintained to fully serve its intended purpose.",4
Chapter 3 - Premises & Equipment,Equipment,3.41,Do repair and maintenance works pose any risk to the quality of the products?,Yes,WHO 12.2,"Maintenance activities causing direct contamination (e.g., machine oil leaking into product).",1,Repairs performed during active production runs without any physical containment or isolation.,2,Minor documentation gaps in line-clearance logs after low-risk routine maintenance.,3,Repair and maintenance activities are tightly controlled and pose zero risk to product quality.,4
Chapter 3 - Premises & Equipment,Equipment,3.42,"Does the equipment design facilitate complete cleaning, and are there validated, written procedures to ensure its effective decontamination?",Yes,"WHO 12.3, 21 CFR 211.67",Complete absence of cleaning validation for multi-product equipment. Visible residues of the previous product remain on contact surfaces after cleaning.,1,"Cleaning validation protocols exist but are outdated (no re-validation performed as scheduled), or cleaning logs are missing, failing to document the execution.",2,"Minor omissions in cleaning logs, but the equipment is visually clean and procedures exist.",3,"Design facilitates total cleaning; fully validated, written decontamination SOPs active.",4
Chapter 3 - Premises & Equipment,Equipment,3.43,Is washing and cleaning equipment selected and used so as not to be a source of contamination?,Yes,WHO 12.4,Cleaning equipment introducing heavy chemical or microbial contamination to clean,1,"Washing machine filters or nozzles are clogged, recirculating dirty water onto equipment.",2,Washing equipment is strictly selected and operated to prevent becoming a source of contamination.,3,Washing equipment is strictly selected and operated to prevent becoming a source of contamination.,4
Chapter 3 - Premises & Equipment,Equipment,3.44,Is equipment installed in a manner that prevents any risk of contamination or error?,Yes,WHO 12.5,Equipment installation forcing crossing lines of raw materials and exposed open products.,1,Machines installed so close together that operators cannot clean behind them or prevent mix-ups.,2,"Minor spacing tightness between lines, fully managed by strict administrative routing controls.",3,Installation layout seamlessly prevents any possible risk of operational error or contamination.,4
Chapter 3 - Premises & Equipment,Equipment,3.45,"Is it ensured that production equipment and its contact parts are non-reactive and non-absorptive, posing no risk to product quality?",Yes,"WHO 12.6, 21 CFR 211.65",Exposed black rubber or reactive materials shedding particles directly into a bulk batch.,1,"Contact parts are degraded, pitting, or reacting with the product, altering its quality parameters.",2,"Compliant materials used, but a minor delay in archiving the material certificates (e.g., 316L SS).",3,"Product-contact parts are completely non-reactive, non-absorptive, and pose zero product risk.",4
Chapter 3 - Premises & Equipment,Equipment,3.46,"Has the equipment undergone qualification (IQ, OQ, PQ) to ensure it is fit for its intended use and consistently produces quality results?",Yes,"WHO TRS 937, ISPE GAMP 5","Equipment used in routine production without IQ/OQ/PQ execution, or without formal release approval from Quality Assurance (QA).",1,Equipment is used in routine production without completing PQ or before formal QA release.,2,"Equipment is fully qualified, but minor administrative delay in signing off the final summary report.",3,"Comprehensive qualification (IQ, OQ, PQ) successfully completed and fully documented.",4
Chapter 3 - Premises & Equipment,Equipment,3.47,Design Qualification (DQ): Is the design demonstrated and documented to comply with the URS and GMP?,No,,DQ is performed retrospectively or lacks rigorous GMP checks or no DQ performed.,1,"DQ documentation has significant, unresolved gaps against the URS.",2,DQ is documented but discrepancies with URS are poorly justified or resolved.,3,Documented DQ verifies full compliance with URS and GMP prior to procurement/construction.,4
Chapter 3 - Premises & Equipment,Equipment,3.48,FAT / SAT: Are Factory Acceptance Testing (FAT) and Site Acceptance Testing (SAT) performed where appropriate?,Yes,,Equipment commissioned without any acceptance testing.,1,Critical systems accepted at site without FAT or SAT despite high complexity.,2,FAT/SAT performed but documentation not fully integrated or minor discrepancies ignored.,3,FAT/SAT executed successfully; documentation leveraged appropriately for IQ/OQ.,4
Chapter 3 - Premises & Equipment,Equipment,3.49,"Installation Qualification (IQ): Does IQ verify correct installation against engineering drawings, specs, and URS?",Yes,,IQ not performed or equipment used in production without IQ.,1,Missing calibration of critical measuring instruments during IQ.,2,"IQ completed but minor documentation gaps exist (e.g., missing manuals).",3,"Comprehensive IQ executed with all components, P&IDs, manuals, and calibrations verified.",4
Chapter 3 - Premises & Equipment,Equipment,3.50,"Operational Qualification (OQ): Does OQ include testing under worst-case conditions, with operator training and draft SOPs in place?",No,,Critical operating parameters not tested; operators not trained prior to PQ or OQ not performed.,1,OQ covers routine ranges only; worst-case testing and SOPs are significantly incomplete.,2,OQ performed but worst-case conditions not fully challenged. SOPs incomplete.,3,OQ challenges all critical parameters & extremes. SOPs drafted and operators trained.,4
Chapter 3 - Premises & Equipment,Equipment,3.51,Performance Qualification (PQ): Does PQ demonstrate consistent performance under routine conditions using production materials?,No,,PQ used inappropriate surrogate materials or insufficient sampling or PQ not performed.,1,PQ shows recurring deviations under routine conditions that remain uninvestigated.,2,PQ completed but deviations in routine conditions not fully investigated.,3,PQ successfully executed with production materials or valid surrogates under routine conditions.,4
Chapter 3 - Premises & Equipment,Equipment,3.52,Are balances and measuring instruments of an appropriate range and precision available for production and control operations?,Yes,"WHO 12.7, 21 CFR 211.160","No precise measuring instruments available, forcing operators to guess critical material weights.",1,"Inappropriate balance range used for small quantities, severely compromising measurement accuracy.",2,"Appropriate instruments available, but minor delay in applying the visual ""range limit"" labels.",3,"Balances and measuring tools have an excellent, appropriate range and precision for all tasks.",4
Chapter 3 - Premises & Equipment,Equipment,3.53,"Are all measuring and weighing instruments calibrated at defined intervals, using appropriate methods, with full written records maintained?",Yes,"WHO 12.8, 21 CFR 211.68","Widespread use of uncalibrated or failed sensors, invalidating process parameter data.",1,Critical instruments are past their calibration due date but remain active on the line.,2,"Instrument is within calibration limits, but its physical ID tag is defaced or missing.",3,All measuring/weighing instruments are calibrated at strict intervals with full written logs.,4
Chapter 3 - Premises & Equipment,Equipment,3.54,"Are fixed pipeworks clearly labeled to indicate their contents and, where applicable, the direction of flow?",Yes,WHO 12.9,"Complete absence of utility line identification, causing incorrect hookups of gas or fluids.",1,"Pipes lack labeling or flow direction, posing major operational errors or mixing risks.",2,"Pipes are labeled, but a few arrows are slightly faded or partially obscured near walls.",3,Fixed pipeworks are flawlessly labeled with contents and clear flow-direction arrows.,4
Chapter 3 - Premises & Equipment,Equipment,3.55,"Are pipes for distilled, deionized, and other water systems sanitized according to written procedures specifying microbiological limits and corrective actions?",Yes,"WHO TRS 970, ISPE Water Guide",Water system heavily contaminated with bacteria. Sanitization protocols completely bypassed.,1,Microbiological limits exceeded without triggering official deviation or corrective action (CAPA).,2,"Sanitization is effective, but minor delay in updating the water trend analysis charts.",3,Water pipes sanitized via validated procedures specifying clear limits and action steps.,4
Chapter 3 - Premises & Equipment,Equipment,3.56,"Is defective equipment removed from production/QC areas or at least be clearly labeled as ""Defective""?",Yes,WHO 12.10,A known broken or out-of-spec machine actively used in a live commercial production run.,1,"Defective equipment left on the line without any label, risking accidental operational use.",2,"Damaged machine is out of service and separated, but the ""Defective"" tag lacks a QA signature.",3,"Defective equipment is immediately removed or clearly tagged as ""Defective"".",4
Chapter 3 - Premises & Equipment,Equipment,3.57,"Re-qualification: Are facilities, equipment, and utilities evaluated at an appropriate frequency to confirm they remain in a validated state?",Yes,,No concept of re-qualification or periodic review exists.,1,Significant backlog in periodic reviews/ aging equipment not assessed for drift.,2,Reviews performed but slightly past the scheduled frequency.,3,"Periodic review schedule exists and is strictly adhered to, with documented re-qualification when needed.",4
Chapter 3 - Premises & Equipment,Equipment,3.58,"Qualification of Utilities: Are critical utilities (steam, water, air, gases) qualified to ensure they meet quality requirements?",Yes,,Critical utilities are un-qualified and directly contact the product.,1,"Critical utility (e.g., WFI or clean steam) qualification is incomplete or failing.",2,"Utilities qualified but ongoing monitoring data shows minor, unresolved trends.",3,"All product-contact utilities fully qualified with seasonal variations accounted for (e.g., HVAC, Water).",4
Chapter 3 - Premises & Equipment,Equipment,3.59,"Is the qualification and validation status of facilities, systems, equipment, and analytical methods fully maintained and verified?",Yes,,Complete absence of validation for sterile/critical manufacturing lines.,1,Critical equipment or analytical software running past validation expiry.,2,Minor delay in compiling a final routine re-qualification report.,3,"Full validation matrix (process, cleaning, software) is completely active and current.",4
Chapter 4 - Documentation & Annex 11/22,Quality Management & Data Governance Framework,4.1,"Has the regulated user established a data governance system integral to the pharmaceutical quality system to define, prioritise, and communicate data integrity risks, and is it reviewed regularly?",Yes,"4.10; Annex 11, PIC/S PI 041, ICH Q9, ICH Q10",No data governance system or arrangements exist within the organization.,1,Data governance is completely isolated from the PQS or not reviewed regularly.,2,The system exists but reviews are slightly overdue or communication across departments is slow.,3,A documented data governance system is fully integrated into the PQS and reviewed regularly.,4
Chapter 4 - Documentation & Annex 11/22,Quality Management & Data Governance Framework,4.2,Is the data governance system designed to provide an acceptable state of control based on documented risk assessments with supporting rationale?,Yes,"4.11; Annex 11, PIC/S PI 041, ICH Q9, ICH Q10",Total lack of risk assessments or rationales to support system control.,1,The state of control is weak due to inadequate risk assessments or missing rationales.,2,Risk assessments exist but lack deep supporting rationales for some non-critical systems.,3,"System ensures an acceptable state of control backed by clear, documented risk assessments.",4
Chapter 4 - Documentation & Annex 11/22,Quality Management & Data Governance Framework,4.3,Does the governance system cover the entire data lifecycle (creation to destruction) with controls commensurate with quality risk management?,Yes,"4.12; Annex 11, PIC/S PI 041, ICH Q9, ICH Q10","The lifecycle is not covered, allowing uncontrolled data creation, alteration, or deletion.",1,"Critical stages of the data lifecycle (e.g., raw data processing or archiving) lack QRM controls.",2,"Minor gaps in lifecycle mapping (e.g., retirement phase) that do not risk product quality.",3,Full coverage of the entire data lifecycle with QRM controls perfectly applied at every stage.,4
Chapter 4 - Documentation & Annex 11/22,Quality Management & Data Governance Framework,4.4,Does the system rely on a risk management approach considering data criticality and data risk (opportunity for alteration/detection)?,Yes,"4.13; Annex 11, PIC/S PI 041, ICH Q9, ICH Q10",No risk approach/ no consideration of data alteration opportunities or detection limits.,1,Data criticality or risk of alteration/deletion is ignored during system design.,2,Minor inconsistencies in assessing routine review visibility or detection likelihood.,3,"System thoroughly evaluates data criticality and data risk, including alteration and detection factors.",4
Chapter 4 - Documentation & Annex 11/22,Quality Management & Data Governance Framework,4.5,"Does the system incorporate suitably designed technologies, data security measures, and specific expertise to control data integrity?",Yes,"4.14; Annex 11, PIC/S PI 041, ICH Q10",Complete absence of technical or security controls over the data lifecycle.,1,Weak data security measures or poorly designed systems compromise data integrity controls.,2,"Security measures are active, but technical training/expertise updates are slightly delayed.",3,"Robust technologies, security measures, and expert knowledge are effectively deployed.",4
Chapter 4 - Documentation & Annex 11/22,Quality Management & Data Governance Framework,4.6,Does the data governance system explicitly address data ownership throughout the entire data lifecycle?,Yes,"4.15; Annex 11, PIC/S PI 041, ICH Q10",Total failure to define or assign data ownership across the organization.,1,"Critical GxP systems lack defined process or data owners, leading to control gaps.",2,Ownership is defined but some cross-functional data transition responsibilities are slightly unclear.,3,"Data ownership is clearly defined, documented, and assigned for all lifecycle stages.",4
Chapter 4 - Documentation & Annex 11/22,Quality Management & Data Governance Framework,4.7,"Does the system consider the design, operation, and monitoring of processes and systems to comply with data integrity principles?",Yes,"4.16; Annex 11, PIC/S PI 041, ICH Q10","Widespread failure in system design and monitoring, leading to ongoing data integrity breaches.",1,Systems are operated or monitored without consideration for fundamental data integrity principles.,2,Monitoring schedules for data integrity compliance are established but show minor execution delays.,3,"Processes and systems are flawlessly designed, operated, and monitored for data integrity compliance.",4
Chapter 4 - Documentation & Annex 11/22,Quality Management & Data Governance Framework,4.8,Are risk mitigation measures reviewed regularly (temporary or permanent) and are residual risks periodically communicated to management?,Yes,4.17; ICH Q9,No review of risk mitigations/ management is completely unaware of residual data integrity risks.,1,"Mitigations are implemented but never reviewed, or residual risks are hidden from management.",2,"Reviews of temporary mitigations are delayed, or reporting to management is irregular.",3,"Mitigation effectiveness is regularly reviewed, and residual risks are systematically reported to management.",4
Chapter 4 - Documentation & Annex 11/22,Quality Management & Data Governance Framework,4.9,"Are risk mitigation measures (e.g., second-person checks) implemented timely to counter human factors and secure critical process steps?",Yes,ICH Q9,"Total lack of dual-verification controls for human factors, or records show systemic signature falsification and unverified entries.",1,"Critical process steps are executed without timely second-person checks, or verification signatures are applied at the end of the shift.",2,"Dual-verification is active, but minor administrative delays occur in secondary cross-signing logs shortly after the activity.",3,Second-person checks or automated verifications are performed in real-time at the exact moment of execution for all critical steps.,4
Chapter 4 - Documentation & Annex 11/22,Quality Management & Data Governance Framework,4.10,"Is a risk-based approach, as an element of a data governance system, applied as pivotal for the scalability of integrity control measures?",Yes,"4.4; Annex 11, PIC/S PI 041, ICH Q9, ICH Q10","No data governance system or risk approach exists, leaving data integrity controls unmeasured.",1,Data governance lacks a true risk-based framework/ integrity controls are flat and fail to scale effectively.,2,Risk-based approach is used but lacks deep justification for some non-critical control measures.,3,"A data governance system with a clear risk-based approach is fully active, scaling integrity control measures perfectly.",4
Chapter 4 - Documentation & Annex 11/22,Quality Management & Data Governance Framework,4.11,"Do records truthfully represent facts, with strict controls over loose sheets, notebooks, and ALCOA++ principles?",Yes,4.61 - 4.63; Annex 15,Total lack of signature controls or identity forgery.,1,"No signature policy, or unauthorized personnel signing GxP entries.",2,Minor updates missing from authorized list/ timestamps sometimes omitted on paper.,3,"Compliant policy. All entries signed, dated, and identity is clear.",4
Chapter 4 - Documentation & Annex 11/22,Document Lifecycle & Good Documentation Practices (GDP),4.12,"Are appropriate documentation practices applied with respect to the type of document, regardless of the applied technology or service used?",Yes,"4.3; Annex 11, ICH Q10","Document practices are entirely ignored, allowing unapproved workflows across applied tech/services.",1,Systemic failure to apply correct documentation practices to a specific critical category of documents.,2,Minor procedural deviations in documentation practices that do not impact final product quality data.,3,Appropriate documentation practices are flawlessly enforced uniformly across all technologies and document types.,4
Chapter 4 - Documentation & Annex 11/22,Document Lifecycle & Good Documentation Practices (GDP),4.13,"Are quality risk managment principles applied to ensure the PQS includes sufficient instructional details, facilitates common understanding, and demonstrates ongoing compliance?",Yes,"4.5; Annex 11, PIC/S PI 041, ICH Q9, ICH Q10",Total failure of QRM in instructions/ lack of critical details leads to unchecked deviations and non-compliance.,1,"PQS lacks sufficient instructional details for critical steps, risking bad recordings or misunderstandings.",2,"Instructions exist and ensure compliance, but some complex steps lack detailed, user-friendly granularity.",3,"QRM is applied perfectly. PQS has extensive instructional detail, ensuring clear recording and ongoing compliance.",4
Chapter 4 - Documentation & Annex 11/22,Document Lifecycle & Good Documentation Practices (GDP),4.14,Are User Requirements Specifications (URS) traceable throughout all stages of the computerized system lifecycle?,Yes,4.4; ICH Q10,"Complete absence of URS or traceability logs, rendering validation completely unverified.",1,"Critical GxP system functions lack documented URS mapping, breaking testing traceability.",2,"Traceability matrix is active, but lacks minor updates for recent non-critical changes.",3,A robust traceability matrix maps all URS requirements directly to validation test scripts.,4
Chapter 4 - Documentation & Annex 11/22,Document Lifecycle & Good Documentation Practices (GDP),4.15,"Are suitable controls implemented using a risk-based approach to ensure accuracy, integrity, availability, and legibility of error-free, human-readable documents?",Yes,"4.6; Annex 11, PIC/S PI 041, ICH Q9","Documents are unreadable, systematically corrupted, or lack any controls to prevent unauthorized data loss.",1,"Documents contain uncorrected errors, or lack robust controls to guarantee data accuracy and availability.",2,"Documents are human-readable and secure, but minor formatting issues occasionally hinder quick availability.",3,"Suitable, risk-based controls ensure fully accurate, legible, available, and error-free documents in human-readable form.",4
Chapter 4 - Documentation & Annex 11/22,Document Lifecycle & Good Documentation Practices (GDP),4.16,"Are all document types across all media (paper, electronic, or hybrid) defined, validated, and controlled to ensure record integrity throughout their lifecycle, and do they fully align with Product Specification Files and Marketing Authorizations without errors during reproduction?",Yes,"4.49 - 4.50; Annex 11, PIC/S PI 041, Annex 15","Unapproved, unsigned, or completely generic instructions are routinely used on the laboratory floor.",1,"Instructions lack authorized signatures/dates, or are written in a vague manner leading to analyst errors.",2,"Documents are unique and approved, but minor formatting inconsistencies exist in the secondary layout fields.",3,"Instructional documents are uniquely identifiable, approved with dates by authorized persons, orderly, and written in unambiguous style.",4
Chapter 4 - Documentation & Annex 11/22,Document Lifecycle & Good Documentation Practices (GDP),4.17,"Is raw data explicitly defined for electronic records, ensuring all data supporting quality decisions are included?",Yes,4.27 (iv); PIC/S PI 041,Total lack of raw data definition or mapping within the quality system.,1,Critical batch release or GxP data is omitted from the formal raw data definition.,2,"Raw data is defined, but minor ambiguities exist in peripheral or baseline support systems.",3,All quality decision data and metadata are clearly defined as raw data in the PQS.,4
Chapter 4 - Documentation & Annex 11/22,Document Lifecycle & Good Documentation Practices (GDP),4.18,"Are instructional documents uniquely identifiable, approved with dates by authorized persons, laid out in an orderly fashion, and written in an unambiguous, imperative mandatory style?",Yes,"4.51 - 4.52; Annex 11, PIC/S PI 041","Systemic lack of periodic document review, or forms encourage illegal text handwriting and unverified edits.",1,"QMS documents are outdated, or forms lack sufficient space leading to cramped, unreadable manual records.",2,"Review schedules are followed, but minor delays exist in finalizing the formal periodic update documentation.",3,Documents are regularly reviewed and kept up-to-date. Structure prevents text handwriting while providing sufficient data entry space.,4
Chapter 4 - Documentation & Annex 11/22,Document Lifecycle & Good Documentation Practices (GDP),4.19,"Are documents within the Quality Management System regularly reviewed and kept up-to-date, and are they structured to prevent handwriting of text while providing sufficient space for clear data entries?",Yes,"4.51, 4.53, 4.55; Annex 11, PIC/S PI 041, ICH Q10",Widespread use of uncontrolled versions or no lifecycle log.,1,Critical documents revised or withdrawn without QA approval/history.,2,Minor administrative delays in updating revision logs or archiving.,3,Flawless lifecycle control. Accurate and detailed revision histories.,4
Chapter 4 - Documentation & Annex 11/22,Document Lifecycle & Good Documentation Practices (GDP),4.20,"Are the issuance, revision, superseding, and withdrawal of all documents strictly controlled, and is a detailed revision history systematically maintained?",Yes,"4.54; Annex 11, PIC/S PI 041, ICH Q10",Total lack of good documentation practices enforcement or unverified data copies.,1,No active good documentation practices procedures or use of non-durable media.,2,Minor omissions or messy entries with no impact on legibility.,3,"Available procedures. All data entries are accurate, legible, and indelible.",4
Chapter 4 - Documentation & Annex 11/22,Document Lifecycle & Good Documentation Practices (GDP),4.21,"Are good documentation practices procedures available and enforced to ensure accurate, legible, and indelible data entries on durable media?",Yes,"4.56 - 4.58; Annex 11, PIC/S PI 041","Original data is completely blocked out, obliterated, or falsified during modifications.",1,Corrections obscure original text (use of correction fluid/whiteout) or lack signatures/dates.,2,"Edits are compliant, but the recorded reason for a non-critical change is brief or slightly vague.",3,"Alterations are fully signed, dated, leave original data visible, and record a clear reason where appropriate.",4
Chapter 4 - Documentation & Annex 11/22,Document Lifecycle & Good Documentation Practices (GDP),4.22,"Are records made or completed at the time each action is taken, ensuring that all significant manufacturing activities are traceable?",Yes,4.58; Annex 15,"Widespread data fabrication, fake reporting, or uncontrolled data.",1,"Loose sheets used without control, or systematic ALCOA++ violations.",2,Minor formatting issues in notebook tracking or reconciliation logs.,3,Truthful representation. Strict controls on loose sheets and ALCOA++.,4
Chapter 4 - Documentation & Annex 11/22,Document Lifecycle & Good Documentation Practices (GDP),4.23,"Is any alteration made to a document entry signed, dated, and performed without obscuring the original information, with the reason recorded where appropriate?",Yes,4.60; Annex 15,"Original data is completely blocked out, obliterated, or falsified during modifications to hide errors.",1,Corrections obscure original text (use of correction fluid/whiteout) or lack authorized signatures and dates.,2,"Edits are compliant, but the recorded reason for a non-critical change is brief or slightly vague.",3,"Alterations are fully signed, dated, leave original data visible, and record a clear reason where appropriate.",4
Chapter 4 - Documentation & Annex 11/22,Document Lifecycle & Good Documentation Practices (GDP),4.24,"Are all signatures legally binding, dated, traceable, and governed by an approved signature policy?",Yes,4.64 - 4.68; ICH Q10,"Signing blank forms, pre-dating entries, or approving fabricated data.",1,Personnel signing steps beyond qualification or trace gaps found.,2,Minor delays in reviewer training updates/ data remains intact.,3,Signatories are qualified. Signed data flawlessly matches ALCOA++.,4
Chapter 4 - Documentation & Annex 11/22,Document Lifecycle & Good Documentation Practices (GDP),4.25,"Are signatories qualified for their roles, and do signed documents strictly fulfill ALCOA++ principles?",Yes,4.71 - 4.75; ICH Q10,"Complete lack of receipt procedures, allowing uncontrolled materials directly into storage zones.",1,Materials are received regularly without written SOPs or immediate entry into the logging system.,2,"Procedures exist, but minor delays in updating the master list for newly added packaging variants.",3,"Written procedures and records are fully in place for the receipt of each delivery of starting, intermediate, finished, and packaging materials.",4
Chapter 4 - Documentation & Annex 11/22,"Materials Management, Production & Specifications",4.26,"Are there written procedures and records in place for the receipt of each delivery of each starting material (including bulk, intermediate, or finished goods), as well as primary, secondary, and printed packaging materials?",Yes,4.81; Annex 15,"Complete lack of receipt procedures, allowing uncontrolled materials directly into storage zones.",1,Materials are received regularly without written SOPs or immediate entry into the logging system.,2,"Procedures exist, but minor delays occur in updating the master list for newly added packaging variants.",3,Written procedures and records are fully in place for the receipt of each delivery of starting and packaging materials.,4
Chapter 4 - Documentation & Annex 11/22,"Materials Management, Production & Specifications",4.27,"Do receipt records include at least the material names (delivery/in-house), date, supplier/manufacturer names, manufacturer batch number, total quantity/containers, assigned internal batch number, and comments?",Yes,"4.82; Annex 11, PIC/S PI 041, Annex 15",Intentional falsification or complete absence of material receipt logging data.,1,Records systematically omit critical data such as manufacturer batch numbers or internal track codes.,2,"Records are compliant, but minor clerical omissions exist in secondary comment fields.",3,"Receipt records include all mandatory data: names, dates, suppliers, manufacturer batch numbers, quantities, and internal codes.",4
Chapter 4 - Documentation & Annex 11/22,"Materials Management, Production & Specifications",4.28,"Are there written procedures for internal labeling, quarantine, and storage of starting and packaging materials?",Yes,4.40; Annex 15,"Total absence of quarantine control procedures, posing immediate mix-up risks.",1,Materials are routinely stored or moved without clear labeling or quarantine status controls.,2,"Procedures exist, but minor delays occur in updating physical quarantine status tags.",3,"Approved SOPs fully govern labeling, quarantine status, and storage for all materials.",4
Chapter 4 - Documentation & Annex 11/22,"Materials Management, Production & Specifications",4.29,"Are there approved, written procedures for sampling that specify the personnel authorized to sample, the methods/equipment to be used, the amounts to be taken, and any precautions to be observed?",Yes,4.83; Annex 15,Total failure of sampling controls/ untrained personnel drawing samples without any SOP.,1,"Sampling is performed without approved written procedures, or by staff lacking documented authorization.",2,"SOPs are followed, but minor layout omissions in detailing secondary decontamination steps for sampling tools.",3,"Approved, written sampling procedures explicitly specify authorized staff, equipment, amounts, and critical precautions.",4
Chapter 4 - Documentation & Annex 11/22,"Materials Management, Production & Specifications",4.30,"Are there appropriately authorized and dated specifications in place for all starting materials, packaging materials, and finished products?",Yes,4.64; ICH Q10,"Total lack of specifications for key production materials, or active use of unverified, unapproved parameter limits.",1,"Critical starting materials or active components are utilized on the floor without officially approved, dated specifications.",2,"Specifications exist for all items, but minor delays in updating the formal authorization date on non-critical component files.",3,Appropriately authorized and dated specifications are fully in place for all starting/packaging materials and finished products.,4
Chapter 4 - Documentation & Annex 11/22,"Materials Management, Production & Specifications",4.31,"Do specifications for starting, primary, or printed packaging materials include at least a detailed material description (designated name, internal code, pharmacopoeial monograph reference, approved suppliers/original producers, and printed specimens), alongside clear directions for sampling/testing, qualitative and quantitative acceptance limits, storage conditions, and defined re-test periods?",Yes,"4.65; Annex 11, PIC/S PI 041","Total absence of specifications for starting/packaging materials, or testing is done without limits.",1,"Critical details are systematically omitted (e.g., missing approved suppliers, specimens, or re-test periods).",2,"Complete content, but minor formatting or clerical omissions exist in secondary tracking fields.",3,"Specifications are 100% complete, including all required material details, testing directions, and limits.",4
Chapter 4 - Documentation & Annex 11/22,"Materials Management, Production & Specifications",4.32,Are specifications for intermediate and bulk products available for critical steps - or if they are purchased or dispatched - and are they structurally similar to specifications for starting materials or finished products?,Yes,"4.66; Annex 11, PIC/S PI 041","No specifications exist for intermediate or bulk stages, risking unmonitored critical steps.",1,"Intermediate or bulk products are processed or dispatched without active, approved specifications.",2,"Specifications exist, but minor formatting attributes or reference layout formats require administrative updates.",3,"Specifications for intermediate and bulk products are available for critical steps, perfectly matching quality design needs.",4
Chapter 4 - Documentation & Annex 11/22,"Materials Management, Production & Specifications",4.33,"Do specifications for finished products include or provide reference to at least the product name/code, formula, dosage form/package details, sampling/testing directions, qualitative/quantitative acceptance limits, storage conditions, and shelf-life?",Yes,"4.67; Annex 11, PIC/S PI 041","No approved specifications exist for finished commercial products, allowing unvetted product release.",1,Finished product specifications omit critical acceptance limits or explicit shelf-life definitions.,2,"Finished product specs are complete, but cross-referencing to updated stability files has minor layout delays.",3,"Specifications for finished products include all critical data, formula links, sampling instructions, and expiry parameters.",4
Chapter 4 - Documentation & Annex 11/22,"Materials Management, Production & Specifications",4.34,"Are all required master documents (specifications, formula, SOPs, protocols, reports) available, defined and regularly reviewed?",Yes,"4.27 - 4.30; Annex 11, PIC/S PI 041","Total lack of master documents, or widespread use of unapproved templates.",1,Missing specifications or master processing instructions for a critical material or product.,2,Minor administrative delays in the periodic review of non-critical master templates.,3,"All required master documents are available, current, and formally defined.",4
Chapter 4 - Documentation & Annex 11/22,"Materials Management, Production & Specifications",4.35,"Manufacturing Formulae and detailed, stepwise Processing Instructions exist for each product and batch size to ensure consistency?",Yes,"4.32 - 4.34; Annex 11, PIC/S PI 041",Manufacturing without approved formulas or processing instructions.,1,"Missing formulae or ambiguous steps for critical stages, risking batch inconsistency.",2,"Instructions are current, but minor equipment setup updates lack complete granularity.",3,"Clear, approved formula and stepwise instructions exist with limits and equipment checks.",4
Chapter 4 - Documentation & Annex 11/22,"Materials Management, Production & Specifications",4.36,Are clear operating procedures (SOPs) available on the floor for major manufacturing and analytical testing equipment?,Yes,4.46; Annex 15,No operating procedures exist on the line/ personnel run critical equipment blindly.,1,Critical GxP equipment or analytical instruments are operated without approved written instructions.,2,"SOPs are available, but minor layout updates are overdue for older auxiliary equipment.",3,"Major production and testing equipment are fully supported by clear, accessible, and active operating SOPs.",4
Chapter 4 - Documentation & Annex 11/22,"Materials Management, Production & Specifications",4.37,"Do approved, written Manufacturing Formulae and Processing Instructions exist for each specific product and individual batch size to be manufactured?",Yes,"4.68, 4.69; ICH Q10","Zero detailed processing instructions on the line, or critical parameters are systematically unmonitored.",1,"Instructions fail to include critical steps like line clearance checks, explicit IPC limits, or safety precautions.",2,"Instructions are comprehensive, but minor formatting gaps in detailing auxiliary equipment preparation steps.",3,"Systematically includes location, equipment prep, line clearance, stepwise tasks, IPCs, bulk storage, and precautions.",4
Chapter 4 - Documentation & Annex 11/22,"Materials Management, Production & Specifications",4.38,"Does the Manufacturing Formula include the product name with its reference code, a description of the dosage form, strength, batch size, a complete list of starting materials (including disappearing substances) and a statement of expected final and intermediate yields with defined acceptable limits?",Yes,4.70; ICH Q10,"Complete lack of authorized formulas, leading to catastrophic dosage risks during runs.",1,Manufacturing runs are executed without approved formulas specific to that exact market variant.,2,"Approved files are present, but minor formatting delays in the secondary bulk-to-primary kit mapping tables.",3,"Formula details are 100% complete, including exact active strength, pack specs, and precise intermediate yield limits.",4
Chapter 4 - Documentation & Annex 11/22,"Materials Management, Production & Specifications",4.39,"Do the Processing Instructions systematically include the processing location, equipment preparation methods, line clearance/cleanliness checks, detailed stepwise processing instructions, in-process controls with limits, bulk storage/labeling requirements, and special precautions?",Yes,"4.71; Annex 11, PIC/S PI 041, Annex 15, ICH Q10","Processing instructions are missing entirely, leaving operators to run the production line blindly.",1,"Processing records omit critical operation parameters, actual IPC results, or equipment identification codes.",2,"Instructions are comprehensive, but minor layout omissions exist in detailing secondary equipment setup steps.",3,"Processing instructions are fully detailed and mapping locations, equipment, and precise IPC limits.",4
Chapter 4 - Documentation & Annex 11/22,"Materials Management, Production & Specifications",4.40,"Do Packaging Instructions systematically cover identity, material codes, operational steps, IPCs, and the verification of electronic code readers/label counters?",Yes,"4.72 - 4.73; Annex 11, 15","Complete lack of authorized packaging instructions, leading to catastrophic mix-up risks during runs.",1,"Packaging runs are executed without approved instructions, or electronic code reader checks are completely omitted.",2,"Instructions are complete, but minor formatting delays exist in the secondary bulk-to-primary mapping tables.",3,"Approved packaging instructions exist and explicitly cover all operational steps, IPC limits, and automated device checks.",4
Chapter 4 - Documentation & Annex 11/22,"Materials Management, Production & Specifications",4.41,"Is a Batch Packaging Record kept for each batch or part batch processed, based on the relevant parts of the approved Packaging Instructions, and does it include product details, operations timeline, operator identification, in-process control results, and equipment references?",Yes,"4.75; Annex 11, PIC/S PI 041, Annex 15","Complete absence of batch packaging records, or raw execution data is deliberately hidden, erased, or fabricated.",1,"Packaging records are incomplete, systematically missing critical operator IDs, actual IPC results, or unique equipment references.",2,"Records are secure, but minor administrative or cross-signing delays occur in non-critical transport or secondary timeline logs.",3,"Batch packaging records are 100% complete and traceable, including all timelines, operator IDs, IPC results, and equipment references.",4
Chapter 4 - Documentation & Annex 11/22,"Testing, Validation, Retention & Release",4.42,"Are there written testing procedures for materials and products at different stages of manufacture, stating the methods and equipment used, with real-time documentation of results?",Yes,4.84; Annex 15,"Testing is performed blindly with zero procedures, or analytical results are fabricated to pass batches.",1,"Analysts perform tests without approved written procedures, or log results long after execution.",2,"Testing complies, but minor delays in archiving secondary raw calculation sheets after approval.",3,"Written testing procedures exist for all stages of manufacture, stating methods and tools with flawless real-time results.",4
Chapter 4 - Documentation & Annex 11/22,"Testing, Validation, Retention & Release",4.43,"Are there written procedures describing the release and rejection of materials and products, including the formal certification of finished products by a Qualified Person?",Yes,4.85; ICH Q10,Products are released to the commercial market without any QP certification or formal release review.,1,"Release/rejection actions are performed without following written SOPs, or lack complete QP certification sign-off.",2,"Procedures are robust, but minor administrative delays in filing the QP certification summary reports.",3,"Explicit written procedures define release/rejection of materials, including formal product certification by a QP.",4
Chapter 4 - Documentation & Annex 11/22,"Testing, Validation, Retention & Release",4.44,Are detailed distribution records maintained for each batch to enable immediate and effective product recall?,Yes,4.44; ICH Q10,"Complete lack of distribution records, making a product recall technically impossible.",1,"Distribution records show major gaps, failing to establish fast batch tracing for market recalls.",2,"Distribution logs are complete, but minor administrative delays exist in digitizing secondary market logs.",3,Comprehensive distribution records are fully maintained to guarantee instant batch traceability and fast recall setup.,4
Chapter 4 - Documentation & Annex 11/22,"Testing, Validation, Retention & Release",4.45,"Are there written policies, procedures, protocols, and reports for validation activities, and are they systematically archived?",Yes,"4.87; Annex 15, ICH Q10","Total lack of validation records, or deliberate destruction of failed validation data.",1,Critical validation activities are executed without approved protocols or formalized reports.,2,"Validation files exist, but minor backlogs in the physical archiving schedule for old reports.",3,"Written policies, procedures, protocols, and reports for validation activities are completely in place and systematically archived.",4
Chapter 4 - Documentation & Annex 11/22,"Testing, Validation, Retention & Release",4.46,"Does validation documentation systematically record, investigate, and report all deviations observed during the process?",Yes,Annex 11 Sec. 4.2; PIC/S PI 041,"Deliberate omission, destruction, or falsification of failed validation test runs.",1,Critical validation test failures or system anomalies are omitted from the final reports.,2,"Deviations are recorded, but minor administrative delays exist in closing low-risk issues.",3,"All validation deviations are fully logged, impact-assessed, and formally closed by QA.",4
Chapter 4 - Documentation & Annex 11/22,"Testing, Validation, Retention & Release",4.47,"Are records kept for equipment assembly, qualification, maintenance, cleaning, or sterilization activities?",Yes,"4.88; Annex 11, PIC/S PI 041, Annex 15","Scaling up or transferring products with zero documentation, resulting in high process failure rates.",1,Technology transfers are executed informally on the floor without approved protocols or control data.,2,"Transfers are documented, but minor formatting gaps in cross-referencing auxiliary scale-up files.",3,Approved protocols and reports are available for technology transfer or scale-up to demonstrate the process remains controlled.,4
Chapter 4 - Documentation & Annex 11/22,"Testing, Validation, Retention & Release",4.48,"Are there written procedures and records for environmental monitoring and utility testing (e.g., HVAC, water, gases)?",Yes,4.89; Annex 15,"Instrument or area logbooks are completely non-existent, or usage timestamps are falsified.",1,"Logbooks are systematically missing for critical lines, or columns for calibration/cleaning are left blank.",2,"Logbooks are active, but minor neatness issues or delayed second-person verification signatures.",3,"Clear, chronological logbooks are perfectly maintained for analytical testing instruments and manufacturing areas.",4
Chapter 4 - Documentation & Annex 11/22,"Testing, Validation, Retention & Release",4.49,Are protocols and records available for technology transfer or scale-up activities to demonstrate that the process remains controlled?,Yes,"4.90; Annex 11, PIC/S PI 041, Annex 15","Total loss of record control, critical files are stored unvalidated, unsecured or completely missing.",1,"Records are loosely controlled, or retention storage areas lack validation and protection against damage.",2,"Locations are defined, but minor, isolated delays in updating the master file index ledger.",3,Clear definition of record locations and relationships. Validated controls ensure absolute integrity during retention.,4
Chapter 4 - Documentation & Annex 11/22,"Testing, Validation, Retention & Release",4.50,"Are clear, chronological logbooks maintained for analytical testing instruments and manufacturing areas, documenting all usage, calibrations, and cleaning?",Yes,"4.91; Annex 11, PIC/S PI 041","Deliberate, premature destruction of commercial or investigational batch records to hide data.",1,Critical batch documentation is disposed of or archived before the mandatory legal timeframes expire.,2,"Records are retained correctly, but the physical archiving transfer log shows minor tracking gaps.",3,All batch records are retained for the full legal period (1 year post-expiry / 5 years post-QP / 5 years post-trial).,4
Chapter 4 - Documentation & Annex 11/22,"Testing, Validation, Retention & Release",4.51,"Is it clearly defined which record relates to each manufacturing activity and where it is located, and are secure, validated controls in place to ensure record integrity throughout the retention period?",Yes,"4.76 - 4.77; Annex 11, PIC/S PI 041, Annex 15",Intentional destruction or hidden retirement of critical raw data supporting active Marketing Authorizations.,1,Superseded validation or critical stability data is removed/retired without formal documentation or QA justification.,2,"Data is retained, but minor delays in finalizing the technical justification memo for archived validation folds.",3,MA raw data is fully retained. Retiring of superseded validation or stability files is formally documented and justified.,4
Chapter 4 - Documentation & Annex 11/22,"Testing, Validation, Retention & Release",4.52,"Are batch records retained for the mandatory legal period (at least 1 year post-expiry or 5 years post-QP certification, whichever is longer, and 5 years post-trial for investigational products)?",Yes,"4.77; Annex 11, PIC/S PI 041, Annex 15","Uncontrolled destruction of GxP records, or deletion of critical data before the retention period expires.",1,"Records or true copies are disposed of without formal authorization, or deletion rights are too broad.",2,"Process exists, but minor delays in updating the authorized disposal log metadata.",3,Compliant disposal process. Strict access rights prevent premature or accidental deletion.,4
Chapter 4 - Documentation & Annex 11/22,"Testing, Validation, Retention & Release",4.53,"Is critical raw data supporting the marketing authorization retained while the authorization remains in force, and is any retirement of superseded validation or stability data formally documented and justified?",Yes,"4.78; Annex 11, PIC/S PI 041, Annex 15",Intentional destruction or deletion of raw data supporting active marketing authorizations to hide failures or OOS results.,1,Critical validation or stability data is retired or removed without formal QA approval or documented change control justification.,2,"Data is safely retained, but minor documentation or log updates are delayed when retiring old, superseded validation packages.",3,"All raw data supporting active marketing authorizations are fully retained, and any retirement of old validation/stability files is formally justified and approved by QA.",4
Chapter 4 - Documentation & Annex 11/22,"Testing, Validation, Retention & Release",4.54,"Is there a documented process for record disposal ensuring files are destroyed only after the retention period, with controlled access rights to prevent accidental deletion?",Yes,4.79; Annex 15,"Uncontrolled and unlogged destruction of critical GxP data, or complete lack of restriction tools to prevent data loss.",1,"GxP records are disposed of or deleted without formal authorization, or standard user accounts hold broad system deletion rights.",2,"The process is secure, but minor administrative delays exist in updating the authorized disposal log metadata.",3,"A strict disposal procedure is enforced, ensuring no GxP file is destroyed prematurely, and system deletion rights are tightly restricted.",4
Chapter 4 - Documentation & Annex 11/22,"Digital Tech, Hybrid Systems, Annex 11 & Annex 22",4.55,Is electronic data protected from unauthorized paper conversion/storage unless it meets Section 13 or the conversion is validated?,Yes,"4.26; Annex 11, PIC/S PI 041","Deliberate or total failure to review dynamic electronic data, relying only on static paper printouts.",1,Critical electronic and paper records are managed or archived without cross-reconciliation procedures.,2,"Procedures exist, but definitions for evaluating parallel data records lack granularity.",3,Clear data review procedures. QRM perfectly applied across approval and archiving of both media types.,4
Chapter 4 - Documentation & Annex 11/22,"Digital Tech, Hybrid Systems, Annex 11 & Annex 22",4.56,"Are all hybrid systems clearly defined, mapped for component interactions, and validated with clear procedures to control manual-computer interfaces?",Yes,"4.82 - 4.83; Annex 11, PIC/S PI 041, ICH Q10",Total absence of validation or change control for critical computerised systems.,1,Computerised systems supporting critical GxP activities lack full validation or formal change control.,2,"Validation exists, but minor documentation updates for peripheral system changes are pending.",3,All computerised systems are fully validated with documented risk assessments and active lifecycle change management.,4
Chapter 4 - Documentation & Annex 11/22,"Digital Tech, Hybrid Systems, Annex 11 & Annex 22",4.57,"Are quality risk managements principles applied to hybrid controls, and are procedures in place to manage the concurrent review, approval, and archiving of electronic and paper data?",Yes,"4.84 - 4.85; Annex 11, PIC/S PI 041, ICH Q9, ICH Q10","Deliberate or total failure to review dynamic electronic data, relying only on static paper printouts.",1,Critical electronic and paper records are managed or archived without cross-reconciliation procedures.,2,"Procedures exist, but definitions for evaluating parallel data records lack granularity.",3,Clear data review procedures. QRM perfectly applied across approval and archiving of both media types.,4
Chapter 4 - Documentation & Annex 11/22,"Digital Tech, Hybrid Systems, Annex 11 & Annex 22",4.58,"Is user access management strictly controlled, logging all account creations, modifications, and cancellations?",Yes,Annex 11 Sec. 12; PIC/S PI 041,Systemic use of shared generic logins or zero security access controls for GxP data.,1,System permissions or admin privileges are altered without formal request or QA approval.,2,"User access control is secure, but routine access matrix reviews are slightly overdue.",3,"Account lifecycle actions are formally pre-approved, documented, and fully logged in audit trails.",4
Chapter 4 - Documentation & Annex 11/22,"Digital Tech, Hybrid Systems, Annex 11 & Annex 22",4.59,"Are data risk assessments conducted regularly to identify, assess, and prioritize data integrity hazards across all processes and computerised systems?",Yes,"4.19; Annex 11, PIC/S PI 041, ICH Q9, ICH Q10",Total lack of data integrity risk assessments across the computerised infrastructure.,1,Risk assessments are outdated or fail to cover critical GxP software processes.,2,"Risk assessments exist, but minor documentation updates or reviews for low-risk systems are slightly delayed.",3,"Data integrity risk assessments are conducted regularly, thoroughly mapping all system hazards.",4
Chapter 4 - Documentation & Annex 11/22,"Digital Tech, Hybrid Systems, Annex 11 & Annex 22",4.60,"Do data integrity risk assessments cover all aspects of data generation, processing, modification, distribution, retention, and archiving?",Yes,"4.20; Annex 11, PIC/S PI 041, ICH Q9","Risk assessments ignore the lifecycle entirely, leaving data phases unvetted.",1,"Critical lifecycle stages (e.g., modification or deletion tracking) are omitted from risk reviews.",2,"Full lifecycle is mapped, but minor sub-steps in the distribution phase lack deep granularity.",3,Risk assessments completely cover the full data lifecycle from generation to archiving.,4
Chapter 4 - Documentation & Annex 11/22,"Digital Tech, Hybrid Systems, Annex 11 & Annex 22",4.61,Is the severity of data integrity risks evaluated based on the criticality of the data and its potential impact on product quality and patient safety?,Yes,"4.21; Annex 11, PIC/S PI 041, ICH Q9, ICH Q10","Complete failure to evaluate risk severity, treating all data vulnerabilities with zero prioritization.",1,The link between data integrity risks and direct patient safety or product quality impact is ignored.,2,Impact evaluation is performed but lacks deep technical justification for certain non-critical data.,3,Risk severity is meticulously evaluated based on data criticality and direct impact on quality/safety.,4
Chapter 4 - Documentation & Annex 11/22,"Digital Tech, Hybrid Systems, Annex 11 & Annex 22",4.62,"Are risk reduction controls implemented to address identified data integrity risks, and is their effectiveness monitored over time?",Yes,"4.22; Annex 11, PIC/S PI 041, ICH Q9","Total failure to implement or monitor controls, allowing known data integrity risks to persist unchecked.",1,"Identified risks are left without mitigation controls, or implemented controls are completely unmonitored.",2,"Controls are implemented, but there are minor delays in routine monitoring or updating effectiveness metrics.",3,"Effective controls are fully implemented, and their performance is continuously monitored and documented.",4
Chapter 4 - Documentation & Annex 11/22,"Digital Tech, Hybrid Systems, Annex 11 & Annex 22",4.63,"Do hybrid solutions, hosted (cloud) services, and manual-computer interfaces comply with EU GMP, and do they enable quality data trending?",Yes,"4.23 - 4.25; Annex 11, 22","Total lack of compliance or validation for automated tools/scripts, allowing unmapped and uncontrolled interfaces.",1,"Critical automated scripts or hosted services lack validation, or lack documented procedures to control manual interfaces.",2,"Systems are active, but minor updates or trend analysis capabilities for some quality-critical data are irregular.",3,"All hybrid elements and hosted services are fully described, validated, and integrated into the PQS with active data trending.",4
Chapter 4 - Documentation & Annex 11/22,"Digital Tech, Hybrid Systems, Annex 11 & Annex 22",4.64,"Does the regulated user maintain full accountability for the integrity of documents, records, or raw data processed with AI or automatic means?",Yes,"4.24; Annex 11, PIC/S PI 041, Annex 15","Complete abandonment of data accountability, allowing unmonitored automated systems or AI to generate unverified GxP data.",1,Regulated user delegates data integrity accountability blindly to third parties or software vendors for automated processing.,2,"Accountability is defined, but routine oversight review documentation for automated validation script outputs has minor delays.",3,"Clear, documented ownership and full accountability are maintained by the user for all AI/automated script data outputs.",4
Chapter 4 - Documentation & Annex 11/22,"Digital Tech, Hybrid Systems, Annex 11 & Annex 22",4.65,Is there a periodic review of service provider’s data management policies and risk control strategies based on service criticality?,Yes,"4.18; Annex 11, PIC/S PI 041, ICH Q9",Widespread reliance on unvetted third-party service providers for critical GxP data.,1,Critical IT/hosted service providers are used without any review of their data integrity policies.,2,Oversight reviews of non-critical service providers are behind the approved schedule.,3,Service providers are regularly audited and reviewed based on the strict criticality of their services.,4
Chapter 4 - Documentation & Annex 11/22,"Digital Tech, Hybrid Systems, Annex 11 & Annex 22",4.66,"Are all computerised systems validated based on a risk assessment, and is there a formal change management process ensuring data integrity throughout the system lifecycle?",Yes,"Annex 11, Section 4; PIC/S PI 041",Total absence of validation or change control for critical computerised systems.,1,Computerised systems supporting critical GxP activities lack full validation or formal change control.,2,"Validation exists, but minor documentation updates for peripheral system changes are pending.",3,All computerised systems are fully validated with documented risk assessments and active lifecycle change management.,4
Chapter 4 - Documentation & Annex 11/22,"Digital Tech, Hybrid Systems, Annex 11 & Annex 22",4.67,"Is audit trail functionality enabled and routinely reviewed to track the creation, modification, or deletion of critical GxP electronic data without unauthorized alteration?",Yes,"Annex 11, Section 6; PIC/S PI 041",Complete lack of audit trail functionality or deliberate disabling of electronic audit records.,1,"Audit trails are disabled or unmonitored for key processing steps, risking undetected data alterations.",2,"Audit trails are active and reviewed, but minor administrative review backlogs exist for non-critical logs.",3,"Audit trails are fully enabled, protected, and systematically reviewed by QA for all critical GxP records.",4
Chapter 4 - Documentation & Annex 11/22,"Digital Tech, Hybrid Systems, Annex 11 & Annex 22",4.68,"Are robust electronic back-up and archiving procedures implemented, ensuring data recoverability and periodic restoration testing to prevent permanent data loss?",Yes,"Annex 11, Section 7 & 12; Annex 15","No back-up or archiving systems exist, resulting in permanent, catastrophic loss of critical electronic GxP records.",1,"Back-up systems lack validation, or data restoration capabilities have never been formally tested.",2,"Back-ups are performed regularly, but documentation of periodic data restoration test runs has minor delays.",3,"Secure back-up and archiving procedures are fully operational, with routine data restoration testing verified.",4
Chapter 4 - Documentation & Annex 11/22,"Digital Tech, Hybrid Systems, Annex 11 & Annex 22",4.69,Are formal agreements active with third-party IT suppliers defining clear GxP responsibilities and remote access controls?,Yes,"Annex 11 (Sec. 3); PIC/S PI 041, ICH Q10",No formal agreements exist with third-party software or cloud infrastructure vendors.,1,Critical IT service providers operate without signed GxP agreements or clear roles.,2,Agreements exist but minor updates or remote access logs are slightly delayed.,3,Formal agreements are active and detail clear GxP roles for all suppliers.,4
Chapter 4 - Documentation & Annex 11/22,"Digital Tech, Hybrid Systems, Annex 11 & Annex 22",4.70,Is an additional accuracy check performed for critical data entered manually into the system?,Yes,Annex 11 (Sec. 6); ICH Q9,Systemic failure to check manual entries/ widespread unverified critical data.,1,No accuracy checks or dual-verification for critical GxP manual data entries.,2,Accuracy checks are active but second-person signatures show occasional minor delays.,3,Critical manual entries are verified in real-time by a second person or validated system.,4
Chapter 4 - Documentation & Annex 11/22,"Digital Tech, Hybrid Systems, Annex 11 & Annex 22",4.71,"Can clear printouts of electronic data be generated, indicating if any data has changed since original entry?",Yes,Annex 11 (Sec. 8); PIC/S PI 041,Inability to generate printouts or printouts completely omit data change flags.,1,Batch release printouts fail to indicate if data has been modified or edited.,2,Printouts are available but minor formatting issues affect immediate readability.,3,Printouts clearly show original values and any subsequent data modifications.,4
Chapter 4 - Documentation & Annex 11/22,"Digital Tech, Hybrid Systems, Annex 11 & Annex 22",4.72,Are all changes to computerised systems and configurations managed through a defined procedure?,Yes,Annex 11 (Sec. 10); Annex 15,Uncontrolled system updates or undocumented hardware and software changes.,1,Critical configurations are altered without formal change control or QA review.,2,Configuration logs are updated but show minor delays in final archiving.,3,All system and configuration updates are strictly pre-approved and documented by QA.,4
Chapter 4 - Documentation & Annex 11/22,"Digital Tech, Hybrid Systems, Annex 11 & Annex 22",4.73,"Are computerised systems periodically evaluated to confirm they remain in a valid, GMP-compliant state?",Yes,Annex 11 (Sec. 11); PIC/S PI 041,No periodic evaluations performed/ system validation status is completely unknown.,1,Critical systems operate beyond their scheduled periodic evaluation timeline.,2,Periodic reviews are completed but show minor administrative closure delays.,3,Systematic periodic review reports confirm validated status and check all logs.,4
Chapter 4 - Documentation & Annex 11/22,"Digital Tech, Hybrid Systems, Annex 11 & Annex 22",4.74,"Are all system incidents and data errors reported, assessed and investigated for root cause and CAPA?",Yes,Annex 11 (Sec. 13); ICH Q10,Total lack of incident logging/ software failures are systematically ignored.,1,Critical system crashes or data errors are not investigated for root cause.,2,Incident logs are active but minor delays exist in closing low-risk issues.,3,All software failures and data errors are logged/ investigated/ and tied to CAPAs.,4
Chapter 4 - Documentation & Annex 11/22,"Digital Tech, Hybrid Systems, Annex 11 & Annex 22",4.75,Does the system restrict certification and batch release exclusively to Qualified Persons via electronic signature?,Yes,Annex 11 (Sec. 15),Widespread access violations/ batch certification executed without valid QP signatures.,1,Non-QP personnel have system rights to access or modify batch release status.,2,QP electronic signing is secure but access matrix reviews are slightly overdue.,3,Batch release is strictly locked to QPs using compliant electronic signatures.,4
Chapter 4 - Documentation & Annex 11/22,"Digital Tech, Hybrid Systems, Annex 11 & Annex 22",4.76,Are business continuity plans and alternative manual fallback systems documented and periodically tested?,Yes,Annex 11 (Sec. 16); PIC/S PI 041,Total absence of business continuity plans or disaster recovery simulation testing.,1,No manual fallback procedure or tested BCP for critical manufacturing lines.,2,Fallback procedures exist but personnel training or test logs show minor gaps.,3,Robust BCP and manual fallback procedures are active and periodically simulated.,4
Chapter 4 - Documentation & Annex 11/22,"Digital Tech, Hybrid Systems, Annex 11 & Annex 22",4.77,Are archived data checked for accessibility and legibility/ especially after system or hardware changes?,Yes,Annex 11 (Sec. 17); Annex 15,Permanent loss of archived data or total inability to retrieve electronic GxP records.,1,Archived GxP data is stored unverified or cannot be read after hardware updates.,2,Data is archived securely but retrieval test logs show minor tracking gaps.,3,Archived data readability is verified and tested systematically after system changes.,4
Chapter 4 - Documentation & Annex 11/22,"Digital Tech, Hybrid Systems, Annex 11 & Annex 22",4.78,Is the intended GxP use of the AI model clearly described within an up-to-date system description detailing interfaces and static/deterministic limits?,Yes,Annex 22 (Sec. 1 & 3); Annex 11,"No system descriptions or maps available, letting unverified or probabilistic AI models automate GxP choices blindly.",1,"AI model profiles are incomplete, or critical applications rely on adaptive (learning on the fly) models without tight control.",2,"Descriptions exist, but minor documentation updates or architecture diagrams lack recent granular details.",3,"AI intended use and network data flows are fully mapped, strictly restricting tasks to verified, static models.",4
Chapter 4 - Documentation & Annex 11/22,"Digital Tech, Hybrid Systems, Annex 11 & Annex 22",4.79,"Does the regulated user maintain ultimate accountability for AI outputs, supported by close QA and subject-matter expert cooperation?",Yes,Annex 22 (Sec. 2.1); ICH Q10,"Total abandonment of accountability, letting unverified AI systems automate GxP approvals.",1,AI data outputs are accepted blindly from vendors without internal user verification or QA oversight.,2,"Accountability is clear, but technical training updates for the AI-review team show minor delays.",3,"Full user accountability for AI outputs is active, with flawless cross-functional team and QA oversight.",4
Chapter 4 - Documentation & Annex 11/22,"Digital Tech, Hybrid Systems, Annex 11 & Annex 22",4.80,"Are suitable test metrics defined to evaluate the AI model, using representative and independent test data?",Yes,Annex 22 (Sec. 4 & 5); Annex 15,No performance metrics or independent test data used to evaluate critical GxP AI models.,1,"Test data lacks independence or is not representative, risking bad classifications or errors.",2,"Test metrics are defined, but minor updates to the test data space logs are slightly delayed.",3,"Case-dependent test metrics are active, and test data is fully representative of the full sample space.",4
Chapter 4 - Documentation & Annex 11/22,"Digital Tech, Hybrid Systems, Annex 11 & Annex 22",4.81,Are strict data splitting and staff independence controls applied to keep training data separated from test data?,Yes,Sec. 6.2 & 6.5; Annex 15,Intentional data leakage or reusing the exact same data pool for both training and final testing.,1,"AI developers have direct access to the test dataset, risking model bias and data leakage.",2,"Data split is maintained, but access logging metadata for the test repository had minor delays.",3,Technical and staff barriers ensure developers have zero access to the independent test dataset.,4
Chapter 4 - Documentation & Annex 11/22,"Digital Tech, Hybrid Systems, Annex 11 & Annex 22",4.82,Do critical AI applications capture feature attribution (explainability) and provide automated confidence scores?,Yes,Annex 22 (Sec. 8 & 9); Annex 11,"Complete lack of explainability/ AI operates as a ""black box"" for critical quality decisions.",1,"Critical AI decisions (e.g., product rejection) lack explainability or clear confidence tracking.",2,"Feature attribution is logged, but minor software display alignment updates are pending.",3,Systems perfectly capture features driving AI decisions and provide accurate confidence scores.,4
Chapter 4 - Documentation & Annex 11/22,"Digital Tech, Hybrid Systems, Annex 11 & Annex 22",4.83,"Are changes to AI models, including performance drift monitoring and retraining, managed under strict change control?",Yes,Annex 22 (Sec. 10.1); Annex 15,Uncontrolled AI updates or complete failure to monitor model performance drift over time.,1,AI models are retrained or parameters shifted on the floor without formal QA change control.,2,"Model drift is monitored, but minor administrative tracking updates show small delays.",3,"All AI retraining and model adjustments are pre-approved by QA, with continuous drift monitoring.",4
Chapter 4 - Documentation & Annex 11/22,"Digital Tech, Hybrid Systems, Annex 11 & Annex 22",4.84,"Are electronic records signed electronically, and is parallel hybrid signing avoided or strictly defined?",Yes,"4.69 - 4.70; Annex 11, PIC/S PI 041, Annex 15","Total lack of electronic signature controls, or widespread use of unvalidated hybrid processes that compromise record integrity.",1,"Parallel hybrid signing is routinely practiced without strict validation, risking data duplication or review gaps.",2,"Compliant digital signatures are used, but minor logging or tracking updates for legacy hybrid workflows are slightly delayed.",3,"Electronic records are signed digitally via compliant tools, and parallel hybrid signing is strictly prohibited or validated.",4
Chapter 4 - Documentation & Annex 11/22,"Digital Tech, Hybrid Systems, Annex 11 & Annex 22",4.85,Are all In-process controls and environmental monitoring data reviewed and approved in real-time?,Yes,,Falsification of IPC results or fabrication of environmental data.,1,"Critical IPC skipped, or final batch review done without evaluating EM trends.",2,1-2 non-critical IPC logs delayed in collection but batch integrity is verified.,3,"Complete, real-time logging and double-check signatures on all IPCs and EM logs.",4
Chapter 4 - Documentation & Annex 11/22,"Digital Tech, Hybrid Systems, Annex 11 & Annex 22",4.86,"Are all production and quality control records completed, reviewed, and signed off by authorized personnel?",Yes,,"Pre-dating batch logs, destroying raw data, or fabricating batch documents.",1,Missing key signatures on production records or missing analytical raw data.,2,Minor clerical error or late entry log with zero data integrity impact.,3,"All batch records, raw data, and chromatograms are complete and approved.",4
Chapter 4 - Documentation & Annex 11/22,"Digital Tech, Hybrid Systems, Annex 11 & Annex 22",4.87,"Does the QP maintain an official, real-time Register of Certification for all released batches?",Yes,,"Total absence of a certification register, or forged QP signatures.",1,"Register is incomplete, poorly maintained, or lacks basic traceability metrics.",2,"Register exists but has a brief delay (e.g., 24 hours) in data entry.",3,Validated electronic or secure hardcopy register updated immediately upon release.,4
Chapter 5 - Production,Production System & Validation,5.1,"Are manufacturing operations performed according to clearly defined, written, and approved SOPs?",Yes,ICH Q10 Section 3.1.2,Critical failure. Total absence of SOPs for main lines or evidence of data falsification,1,Major breakdown. Critical operations run without approved SOPs or frequent unapproved deviations.,2,Minor gaps. Isolated delays in updating non-critical SOPs/ no product quality risk.,3,"Full compliance. Operations follow approved, up-to-date SOPs with real-time documentation.",4
Chapter 5 - Production,Production System & Validation,5.2,Is production compliant with GMP & Marketing Authorizations?,Yes,"CH Q10, Marketing Authorization Dossier","Deliberate non-compliance with MA, putting public health at immediate risk.",1,Unapproved changes in manufacturing process or materials against MA dossier.,2,Minor deviations in non-critical parameters/ no impact on product CQAs.,3,Full compliance with GMP and MA specifications. Active change control system.,4
Chapter 5 - Production,Production System & Validation,5.3,Is production performed and supervised by competent personnel?,Yes,ICH Q10,Complete lack of qualified supervisors or untrained staff in critical steps.,1,Key personnel lack required qualifications or formal training updates.,2,Minor gaps in secondary training records/ no competency risk.,3,"All staff fully trained, qualified, and training records up-to-date.",4
Chapter 5 - Production,Production System & Validation,5.4,Is material and product lifecycle management (receipt to distribution) performed per SOPs and fully documented?,Yes,ICH Q10 Lifecycle,"Deliberate non-compliance with MA, putting public health at immediate risk.",1,Unapproved changes in manufacturing process or materials against MA dossier.,2,Minor deviations in non-critical parameters/ no impact on product CQAs.,3,Full compliance with GMP and MA specifications. Active change control system.,4
Chapter 5 - Production,Production System & Validation,5.5,"Is the receipt, quarantine, and storage of materials (starting, bulk, and finished) managed according to SOPs to ensure integrity, traceability, and proper stock rotation?",Yes,WHO Tech Report 961,Complete loss of material status control/ mixing unreleased/rejected items.,1,Unauthorized access to quarantine areas or systemic failure in rotation rules.,2,Minor stock rotation oversights or delayed status label updates.,3,"Flawless material control, FEFO/FIFO applied, clear quarantine/status logic.",4
Chapter 5 - Production,Production System & Validation,5.6,Are all materials stored under appropriate conditions and in an orderly fashion to permit batch segregation and stock rotation?,Yes,ISPE Baseline Guides,"Failure of critical storage controls (e.g., HVAC failure) causing degradation.",1,Inadequate batch segregation leading to clear risk of cross-contamination.,2,Isolated instances of poor organization/ no risk of mix-ups or ambient damage.,3,"Organized storage, explicit batch segregation, strict environmental controls.",4
Chapter 5 - Production,Production System & Validation,5.7,Are yield checks and reconciliation of quantities performed to ensure no discrepancies exist outside acceptable limits?,Yes,,Massive unexplained mass-balance mismatch with no action/ hidden product loss.,1,Out-of-limit yield discrepancy accepted without a formal QA deviation report.,2,Yield documented but minor delays in final reconciliation sign-off.,3,Strict reconciliation at every stage with clear investigation of deviations.,4
Chapter 5 - Production,Production System & Validation,5.8,Are operations on different products segregated to prevent simultaneous or consecutive risks of mix-up or cross-contamination?,Yes,ICH Q9 Quality Risk,Poor segregation between lines/ active risks of physical mix-up detected.,1,Poor segregation between lines/ active risks of physical mix-up detected.,2,Minor line clearance documentation gaps/ physical segregation maintained.,3,Flawless physical/temporal segregation/ dedicated line clearance protocols.,4
Chapter 5 - Production,Production System & Validation,5.9,Are materials/products protected from microbial & physical contamination?,Yes,ISO 14644,Visible physical contamination or systemic microbial control failure.,1,Unvalidated cleaning processes or open product exposed to dirty air.,2,Minor environmental monitoring entry delays/ actual protection intact.,3,"Strict cleanroom parameters, closed systems, and validated cleaning.",4
Chapter 5 - Production,Production System & Validation,5.10,"Are all materials, containers and equipment clearly identified/ labeled?",Yes,,Complete absence of identification on active batch containers.,1,Missing status labels on active product bins or critical equipment lines.,2,"Occasional missing labels on clean, empty, or minor auxiliary containers.",3,"Universal status labeling (raw materials, intermediate bins, equipment).",4
Chapter 5 - Production,Production System & Validation,5.11,"Are labels clear and color-coded (e.g., Green=Pass, Red=Reject)?",Yes,,"Rejected materials labeled with ""Pass"" colors or total coding anarchy.",1,Color-coding rules ignored on several active production/quarantine lines.,2,Minor inconsistencies in non-critical area labels/ coding system clear.,3,Perfect visual system with fail-safe color coding fully respected.,4
Chapter 5 - Production,Production System & Validation,5.12,Are verification checks performed and documented to ensure that pipelines and transfer equipment are correctly connected prior to product transportation?,Yes,,Disastrous misconnection resulting in product mixing or massive loss.,1,Transfer lines hooked up and active without any pre-verification records.,2,Single signature instead of dual verification for non-hazardous line setup.,3,Dual-sign off verification for all transfers/ verified line routing.,4
Chapter 5 - Production,Production System & Validation,5.13,"Are deviations from instructions or procedures avoided, and when they occur, are they documented and approved in writing by a competent person and the Quality Control Department?",Yes,ICH Q10 Deviations,Deliberate cover-up or non-reporting of critical process deviations.,1,Processing shifts away from SOPs without formal deviation logging.,2,Minor delays in closing out low-risk deviations/ tracking is active.,3,"All deviations instantly logged, rigorously investigated, QA approved.",4
Chapter 5 - Production,Production System & Validation,5.14,Is access to production premises strictly restricted to authorized personnel?,Yes,,Zero access control/ open public entry into high-grade clean rooms,1,Unauthorized personnel easily entering critical production zones.,2,Minor logs incomplete for occasional visitors/ area security intact.,3,Biometric/card locks active/ strict gowning and visitor protocols.,4
Chapter 5 - Production,Production System & Validation,5.15,Is the production of non-medicinal products avoided in areas and with equipment destined for medicinal products?,Yes,,High-risk toxic/non-medicinal chemicals run on active medical lines.,1,Non-medicinal items run on same lines without dedicated validation/testing.,2,Minor cosmetic/supplement overlap in low-risk zones with valid justification.,3,Complete separation. Facility is 100% dedicated to medicinal products.,4
Chapter 5 - Production,Production System & Validation,5.16,Is the contamination of a starting material or a product by another material or product avoided?,Yes,ICH Q9 Quality Risk,Proven contamination of a starting material or product batch by another material.,1,Identified high risk of material mix-up or physical contamination without proper controls.,2,Minor documentation gaps in risk profiles/ physical controls prevent contamination.,3,Complete avoidance of contamination. Validation data proves full safety of raw materials/products.,4
Chapter 5 - Production,Production System & Validation,5.17,Is cross-contamination prevented by appropriate technical and organizational measures?,Yes,,Total absence of technical or organizational cross-contamination controls.,1,"Failure in key measures (e.g., poor pressure differentials or inadequate line clearance).",2,"Minor organizational gaps (e.g., delayed review of gowning SOPs)/ technical controls robust.",3,"Comprehensive measures applied (dedicated HVAC, airlocks, strict campaign rules).",4
Chapter 5 - Production,Production System & Validation,5.18,Are the measures to prevent cross-contamination and their effectiveness checked periodically according to set procedures?,Yes,,No checks or validation verification ever performed to ensure measures work.,1,"Effectiveness checks are missed, poorly defined, or anomalies are ignored by QA.",2,Periodic checks are performed but with minor delays in reporting or trend sign-off.,3,Routine periodic checks and automated monitoring verified with full records.,4
Chapter 5 - Production,Production System & Validation,5.19,"Does the site perform validation studies in accordance with defined procedures to reinforce Good Manufacturing Practice, ensuring all results and conclusions are formally recorded?",Yes,,Total lack of validation studies or deliberate falsification of validation records.,1,"Validation studies executed without approved protocols, or incomplete recording of data/conclusions.",2,"Validation studies performed per SOPs, but minor delays in final report sign-offs or archiving.",3,"All validation studies follow defined SOPs. Protocols, results, and conclusions are formally recorded and QA-approved.",4
Chapter 5 - Production,Production System & Validation,5.20,Are critical manufacturing processes validated and proven to be reliable and consistent?,Yes,,"No validation ever performed for critical manufacturing processes, leading to high rate of batch failures.",1,Critical manufacturing steps run regularly without a completed validation study or sufficient consistency data.,2,"Process is validated, but minor delays in compiling the periodic validation review or trending data.",3,Critical manufacturing processes are fully validated and consistently proven to be highly reliable and reproducible.,4
Chapter 5 - Production,Production System & Validation,5.21,"When a new manufacturing formula or method of preparation is adopted, is there documented evidence demonstrating that the process consistently yields a product of the required quality using the specified materials and equipment?",Yes,,"Production of new formulas with zero validation data, causing high failure risk.",1,New formula/method introduced into routine production without complete validation evidence.,2,"Validation evidence exists, but documentation/data compilation shows minor gaps or tracking delays.",3,Robust documented evidence (3-batch validation or continuous verification) proves the process yields compliant quality.,4
Chapter 5 - Production,Production System & Validation,5.22,Process Validation (General): Is process validation performed to confirm the process reliably delivers product meeting CQAs?,Yes,"ICH Q8, Q9",No process validation performed for commercial products.,1,Major process deviations during validation ignored; commercial release occurred regardless.,2,Process validation completed but rationale for batch quantity or sampling is weakly documented.,3,Robust process validation (covering all relevant stages) completed before commercial distribution.,4
Chapter 5 - Production,Production System & Validation,5.23,Concurrent Validation: Is concurrent validation only used in exceptional circumstances with strong justification and QA approval?,Yes,,Concurrent batches released without completing the validation protocol requirements.,1,Concurrent validation used routinely without adequate justification.,2,Concurrent validation used with borderline justification.,3,"Concurrent validation rarely used, strictly justified (e.g., orphan drugs), and approved by QA.",4
Chapter 5 - Production,Production System & Validation,5.24,Traditional Process Validation: Are at least three consecutive batches manufactured under routine conditions successfully validated?,Yes,,Traditional validation batches failed repeatedly without proper investigation.,1,"Fewer than three batches used without a scientific, risk-based justification.",2,Three batches used but the justification for this number is not formally documented based on risk.,3,Three or more batches successfully validated with a strong statistical sampling plan.,4
Chapter 5 - Production,Production System & Validation,5.25,Continuous Process Verification (CPV): Is CPV used for products developed via a Quality by Design (QbD) approach?,Yes,ICH Q8,"CPV applied incorrectly, leading to uncontrolled process variations.",1,CPV claims are made but not supported by actual continuous monitoring data.,2,CPV strategy exists but data analysis is infrequent.,3,"CPV is scientifically established, monitoring critical parameters and attributes continually.",4
Chapter 5 - Production,Production System & Validation,5.26,Ongoing Process Verification (OPV): Is there a continuous OPV program to monitor product quality and process trends during routine production?,Yes,ICH Q10,No OPV program exists; data is only reviewed during Annual Product Quality Reviews (APQR).,1,OPV reports show negative trends that are systematically ignored by management.,2,"OPV exists but reports are compiled late, missing opportunities for proactive correction.",3,Robust OPV program uses statistical tools (SPC) to monitor trends and drive continuous improvement.,4
Chapter 5 - Production,Production System & Validation,5.27,"Validation of Packaging: Is equipment for primary and secondary packaging qualified, ensuring integrity and correct labeling?",Yes,,Packaging equipment not qualified.,1,Primary packaging seal integrity not adequately validated.,2,Minor qualification gaps in secondary packaging equipment.,3,"Packaging lines fully qualified, focusing on seal integrity, print quality, and vision systems.",4
Chapter 5 - Production,Production System & Validation,5.28,"Are significant amendments to the manufacturing process - including changes in equipment, materials, or suppliers that may affect product quality and process reproducibility - formally validated?",Yes,,"Unapproved, unvalidated changes directly affecting product CQAs or process reproducibility.",1,Critical process or equipment changes implemented without formal validation/QA assessment.,2,"Changes are logged via Change Control, but minor delays in updating associated validation protocols.",3,"Significant amendments (equipment, materials, vendors) are fully routed via Change Control and validated.",4
Chapter 5 - Production,Production System & Validation,5.29,Do manufacturing processes and procedures undergo periodic critical re-validation to demonstrate that they remain capable of achieving the intended results?,Yes,,No system in place for re-validation/ processes run unmonitored for years.,1,Periodic re-validation completely missed or critical trends/deviations ignored during review.,2,Review/re-validation performed but slightly overdue against the established schedule.,3,"Systemic, periodic critical re-validation or continuous process verification proves consistent compliance.",4
Chapter 5 - Production,Starting Materials & Sampling,5.30,Does the receiving personnel inspect every delivery for container/seal integrity and verify exact correspondence between the delivery note and the supplier's labels?,Yes,,Complete lack of delivery checks/ damaged or unverified containers accepted directly.,1,Deliveries accepted into the warehouse without verifying seal integrity or checking supplier labels.,2,Minor documentation gaps or delays in logging delivery inspection notes/ physical checks completed.,3,Every delivery fully inspected for seal integrity and exact label/delivery note correspondence. Records are flawless.,4
Chapter 5 - Production,Starting Materials & Sampling,5.31,"If a single material delivery consists of different supplier batches, is each batch treated as separate for sampling, testing, and release?",Yes,,Systemic mixing of different supplier batches during sampling and testing phases.,1,Different batches from the same delivery are combined or sampled as a single composite batch.,2,"Batches are physically separated, but minor delay or oversight in generating distinct internal numbers.",3,"Each supplier batch within a single delivery is strictly separated for sampling, testing, and release.",4
Chapter 5 - Production,Starting Materials & Sampling,5.32,Are starting materials appropriately labeled and identifiable within the designated warehouse storage areas?,Yes,,Unlabeled or wrongly labeled starting materials found stored in active inventory zones.,1,Systemic failure in material labeling/ materials stored in wrong zones without clear identification,2,"Occasional clean, minor auxiliary material container missing a secondary label/ main stock intact.",3,All starting materials are perfectly labeled and highly identifiable within designated warehouse zones.,4
Chapter 5 - Production,Starting Materials & Sampling,5.33,"Do starting material labels contain at least the designated product name (with internal code), the internal receipt batch number, the disposition status, and the expiry/retest date?",Yes,,Falsified batch numbers or intentionally omitted expiry dates on starting material labels.,1,Critical information (status or expiry date) is systematically missing from starting material labels.,2,"Minor omissions on labels (e.g., internal code missing on a few labels), but traceability is maintained.",3,"Labels contain all required data: name, internal code, receipt batch, status, and expiry/retest date.",4
Chapter 5 - Production,Starting Materials & Sampling,5.34,Are appropriate procedures or measures active to ensure and verify the absolute identity of the contents of every single container of starting material?,Yes,,Zero identity testing performed on incoming starting material containers before production use.,1,Only composite or skipped container identity testing performed without a validated reduced-testing plan.,2,"Identity checks performed, but minor delays in filing or signing off the analytical identity reports.",3,Complete identity verification active for every single container of starting material received.,4
Chapter 5 - Production,Starting Materials & Sampling,5.35,Are bulk containers from which samples have been drawn clearly and uniquely identified?,Yes,,"Total failure to identify opened/sampled containers, creating high cross-contamination risk.",1,Bulk containers from which samples were drawn lack any physical indication or status update that they were opened.,2,"Sampled containers are marked, but the specific sampling date or sampler ID label is occasionally incomplete.",3,"Dispensed or sampled bulk containers are clearly, uniquely, and conspicuously identified.",4
Chapter 5 - Production,Starting Materials & Sampling,5.36,Is there a system ensuring that only starting materials released by the Quality Control department and within their valid shelf-life/retest period are used in production?,Yes,,Expired or rejected starting materials intentionally released or introduced into a commercial production batch.,1,Unreleased or expired starting materials transferred to the production area without a formal block.,2,"Electronic status is correct, but minor delays in updating physical status labels in the staging area.",3,Robust physical/electronic system ensures only released and in-date materials are used in production.,4
Chapter 5 - Production,Starting Materials & Sampling,5.37,"Are starting materials dispensed only by designated personnel following a written procedure, ensuring correct materials are accurately weighed into clean, correctly labeled containers?",Yes,,"Critical dispensing performed without any written procedure, calibrated balances, or clean line control.",1,"Untrained personnel performing dispensing, or using unverified balances/dirty staging containers.",2,"Dispensing follows SOPs, but minor documentation omissions in logbooks (e.g., cleaning check time).",3,"Dispensing by designated staff via written SOPs into clean, accurately weighed, and correctly labeled containers.",4
Chapter 5 - Production,Starting Materials & Sampling,5.38,"Is each dispensed material, along with its actual weight or volume, independently checked and recorded?",Yes,,Total absence of weight verification/ weight data is fabricated or completely unrecorded.,1,Dispensed materials are weighed without any independent verification or second-person sign-off.,2,"Independent check performed, but witness signs the batch record later instead of concurrently.",3,"Each dispensed material weight/volume is strictly, independently checked and instantly recorded.",4
Chapter 5 - Production,Starting Materials & Sampling,5.39,"Are the dispensed materials for each specific manufacturing batch physical segregated, bundled together, and conspicuously labeled as a single batch entity?",Yes,,Dispensed components for different manufacturing batches are mixed together in the staging area.,1,"Poor physical segregation of dispensed items, creating an active mix-up risk between adjacent batches.",2,"Materials are segregated and labeled, but minor bundling neatness issues/ no mix-up risk.",3,"Dispensed materials for each batch are physically segregated, bundled, and conspicuously labeled as one entity.",4
Chapter 5 - Production,Processing & Analytical Control,5.40,"Are specific measures taken before any processing operation starts to ensure that the work area and equipment are clean and free from any starting materials, products, product residues, or documents not required for the current operation?",Yes,,Total failure of line clearance/ processing starts with visible remnants or labeling from a previous batch.,1,"Processing starts without formal line clearance checks, leaving residues or unrelated documents in the work area.",2,"Line clearance performed and area is clean, but minor delays or omissions in signing the checklist concurrently.",3,Formal line clearance performed and documented before every operation. Area and equipment are perfectly clean and free of previous materials/documents.,4
Chapter 5 - Production,Processing & Analytical Control,5.41,Are intermediate and bulk products stored under appropriate conditions?,Yes,,Storage under disastrous conditions causing active product degradation or clear batch cross-contamination.,1,Bulk products stored in unmonitored areas or under conditions that deviate from specifications without QA notice.,2,"Storage conditions are appropriate, but minor delays in updating status labels or logging temperature charts.",3,Intermediate and bulk products are stored under strictly monitored and appropriate environmental conditions.,4
Chapter 5 - Production,Processing & Analytical Control,5.42,"Are all necessary in-process controls (IPC) and environmental controls performed, verified and  recorded during production?",Yes,,Complete absence of IPCs and environmental monitoring during critical production stages.,1,"Necessary in-process controls are frequently missed, poorly documented, or OOS results are ignored.",2,"IPCs are performed and within limits, but minor delays in recording data or signing off secondary verifications.",3,"All required IPCs and environmental controls are perfectly performed, verified, and recorded during production.",4
Chapter 5 - Production,Processing & Analytical Control,5.43,"Is any significant deviation from the expected yield or process parameter fully recorded, evaluated and formally investigated?",Yes,,Deliberate non-recording or active cover-up of critical process parameter failures or major yield mismatches.,1,Significant process or yield deviations are observed but accepted without a formal QA deviation investigation.,2,"Deviations are logged and evaluated, but minor delays in closing out the formal investigation report within deadlines.",3,"Every significant yield or parameter deviation is instantly recorded, fully evaluated, and formally investigated by QA.",4
Chapter 5 - Production,Processing & Analytical Control,5.44,"Are the purchase, handling and control of primary and printed packaging materials managed and controlled the same way as raw materials?",Yes,,"Complete lack of control over packaging material receipt, risking use of wrong primary components.",1,Packaging materials are handled carelessly or skip initial warehouse control checks upon receipt.,2,"Full control is maintained, but minor documentation delays exist in matching packaging specifications to delivery notes.",3,"Packaging materials are purchased, handled, and controlled with the same strictness and criteria as raw materials.",4
Chapter 5 - Production,Processing & Analytical Control,5.45.1,Is special attention explicitly given to the management of printed packaging materials?,Yes,,"Total failure of printed material security, causing massive risk of product mislabeling.",1,Printed packaging materials are stored in open warehouse areas with unrestricted staff access.,2,"Stored securely, but minor delay in updating the authorized access log for the printed material room.",3,"Special, explicit attention is given to printed materials. Stored in highly secure, restricted-access areas to prevent mix-ups.",4
Chapter 5 - Production,Processing & Analytical Control,5.45.2,"Are cut labels and other loose printed materials stored and transported in separate, closed containers to prevent mix-ups?",Yes,,Different cut labels found mixed together in the same container or left scattered on lines.,1,"Loose or cut labels are transported openly or in unsealed containers, creating an active mix-up risk.",2,"Containers are used, but minor oversight in labeling the transport box itself, though contents are clear.",3,"Cut labels and loose printed items are strictly stored and transported in separate, closed containers. Mix-ups are impossible.",4
Chapter 5 - Production,Processing & Analytical Control,5.45.3,Are packaging materials issued only by authorized staff using a approved and documented procedure?,Yes,,Uncontrolled self-service of packaging materials by line operators without any QA tracking.,1,Materials issued by unauthorized staff or without following the official step-by-step procedure.,2,"Materials issued correctly by authorized staff, but minor delays in filling out the issuance logs.",3,"Packaging materials are issued only by authorized personnel following an approved, documented procedure.",4
Chapter 5 - Production,Processing & Analytical Control,5.46,Is a specific reference number or identification mark assigned to every delivery or batch of printed or primary packaging material?,Yes,,"Complete lack of batch identification numbers, making any product tracking impossible.",1,"Deliveries are assigned general codes, failing to uniquely identify separate incoming batches.",2,"Unique numbers are assigned, but minor delay in applying the status labels to secondary packaging components.",3,A specific reference number or unique identification mark is assigned to every single delivery/batch.,4
Chapter 5 - Production,Processing & Analytical Control,5.47.1,Is obsolete or outdated primary and printed packaging material destroyed systematically?,Yes,,Obsolete or wrong printed labels knowingly left on active lines or mixed with current stock.,1,"Outdated printed materials left in active storage zones, creating a risk of accidental use.",2,"Material is segregated for destruction, but minor delays in executing the final physical disposal.",3,Obsolete or outdated primary and printed materials are systematically segregated and destroyed.,4
Chapter 5 - Production,Processing & Analytical Control,5.47.2,Is the disposal and destruction of obsolete primary packaging materials formally recorded?,Yes,,Falsified destruction logs or disposal of critical printed items without any official record.,1,"Materials are destroyed but without generating formal, traceable records or QA reconciliation notes.",2,"Destruction is performed and witnessed, but minor omissions or delays in finalizing the QA destruction certificate.",3,"Disposal and destruction of obsolete primary packaging materials are formally, completely recorded.",4
Chapter 5 - Production,Packaging & Finished Products,5.48.1,Does packaging scheduling minimize the risk of cross-contamination or product mix-ups?,Yes,,Simultaneous unsegregated packaging of different products in the same room.,1,Scheduling creates high risk of mix-ups by running similar products on adjacent lines.,2,Minor scheduling overlaps occur but are fully mitigated by robust temporary partitions.,3,Scheduling actively minimizes cross-contamination/mix-ups. Temporal/physical separation is flawless.,4
Chapter 5 - Production,Packaging & Finished Products,5.48.2,Are different products physically segregated if packaged close to each other?,Yes,,No physical segregation between lines running different open products.,1,Poor segregation between close lines/ high risk of physical cross-over.,2,Minor layout gaps/ temporary screens used but physical distance is maintained.,3,Distinct physical segregation (walls or robust barriers) between adjacent active lines.,4
Chapter 5 - Production,Packaging & Finished Products,5.49.1,"Are packaging lines cleared of previous products, materials, and documents before starting a new job?",Yes,,Prior batch components or labels found actively mixed with the new job.,1,"Packaging starts without formal line clearance, leaving previous items nearby.",2,"Line is clean, but minor delays or omissions in signing off the clearance sheet.",3,"Line perfectly cleared of previous products, materials, and documents before starting.",4
Chapter 5 - Production,Packaging & Finished Products,5.49.2,Is the line clearance verified using a formal checklist?,Yes,,Falsified checklist records/ checked off without any physical inspection.,1,Line clearance performed visually without using the mandatory official checklist.,2,"Checklist is used, but minor fields (e.g., date/time format) are incomplete.",3,"Verification is strictly performed using a formal, approved line clearance checklist.",4
Chapter 5 - Production,Packaging & Finished Products,5.50,Are the product name and batch number clearly displayed at each packaging station or  line?,Yes,,Wrong product name or batch number displayed on an active packaging line.,1,Station lacks clear name/batch identification while actively running product.,2,"Displayed correctly, but minor formatting/font size inconsistency on the sign.",3,Product name and batch number are clearly and conspicuously displayed at the line.,4
Chapter 5 - Production,Packaging & Finished Products,5.51,"Are all bulk products and packaging materials checked on delivery to the packaging department for quantity, identity and conformity with the packaging Instructions?",Yes,,Delivery of wrong bulk or printed components accepted and put on line.,1,Materials accepted and used without verifying identity against instructions.,2,"Checked thoroughly, but minor logging delays in the department transfer log.",3,All bulk products and packaging materials strictly checked for compliance upon delivery.,4
Chapter 5 - Production,Packaging & Finished Products,5.52,Are containers clean before filling and is attention given to avoiding and removing contaminants like glass fragments and metal particles?,Yes,,Visible glass fragments or metal particles found inside active filling lines.,1,Inadequate container pre-cleaning or poor inspection for foreign particles.,2,"Containers are clean, but minor delays in updating the cleaning jet logs.",3,Containers perfectly clean before filling. Robust systems remove glass/metal risks.,4
Chapter 5 - Production,Packaging & Finished Products,5.53.1,Are labeling and coding done immediately after filling and sealing?,Yes,,Accumulation of vast un-coded bulk piles with no tracking or immediate step.,1,Unlabeled filled containers staged for long periods without clear status logic.,2,"Minor mechanical delays causing a small buffer, but process remains under control.",3,Labeling and coding are done immediately after filling and sealing operations.,4
Chapter 5 - Production,Packaging & Finished Products,5.53.2,"If labeling is delayed, are there procedures to prevent mix-ups or mislabeling?",Yes,,Unlabeled batches mixed in the same holding area during a line stoppage.,1,Labeling is delayed frequently without following or enforcing the approval SOPs.,2,"Procedures exist, but minor gaps in detailing secondary quarantine storage.",3,"Robust, validated procedures prevent mix-ups/mislabeling if labeling is delayed.",4
Chapter 5 - Production,Packaging & Finished Products,5.54,"Are on-line printing operations (e.g., batch codes, expiry dates) checked for accuracy?",Yes,,Wrong batch code or expiry date actively printed on commercial packages.,1,On-line printing runs without regular accuracy verifications or challenge tests.,2,"Checks performed and accurate, but minor delays in filing the test samples.",3,"On-line printing (batch codes, exp. dates) checked regularly for absolute accuracy.",4
Chapter 5 - Production,Packaging & Finished Products,5.55,"Is special care taken when using cut-labels or off-line over-printing, and are roll-feed labels preferred to avoid mix-ups?",Yes,,Systemic mixing of multiple cut-label variants at the same station.,1,"Cut-labels handled without extra verification, creating high mix-up risks.",2,"Controls are active, but minor neatness issues in cut-label line storage.",3,"Special care, strict controls, and dedicated counts applied when using cut-labels.",4
Chapter 5 - Production,Packaging & Finished Products,5.56,"Are checks performed to ensure that electronic code readers, label counters, and similar devices function correctly?",Yes,,Defective code readers bypassed or ignored while line continues running.,1,Electronic code readers or counters operate without regular challenge verifications.,2,"Devices function properly, but minor delays in documenting the challenge tests.",3,"Regular checks ensure electronic readers, counters, and reject devices work perfectly.",4
Chapter 5 - Production,Packaging & Finished Products,5.57,Are printed and embossed text on packaging materials distinct and resistant to fading or erasing?,Yes,,Unreadable batch/expiry data or completely erased embossing on market units.,1,Printed text easily smudges or rubs off during routine handling tests.,2,"Text is legible, but minor variance in ink density detected during the run.",3,Printed/embossed text is highly distinct and fully resistant to fading/erasing.,4
Chapter 5 - Production,Packaging & Finished Products,5.58,"Does on-line packaging control verify package appearance, completeness, correct products/materials, over-printing accuracy, line monitor functions, and that removed samples are never returned?",Yes,,Removed line samples routinely re-introduced into the batch without check.,1,"On-line controls are missed, poorly sample-sized, or sample returns permitted.",2,"Controls executed well, but minor delays in signing off the inspection logs.",3,"On-line controls verify appearance, correct items, over-printing, and sample handling.",4
Chapter 5 - Production,Packaging & Finished Products,5.59,"Are products involved in an unusual event re-introduced only after special inspection, approval and with detailed records kept?",Yes,,Damaged or contaminated event-units mixed back into the compliant batch.,1,Products from line jams re-fed into the stream without formal QA investigation.,2,"Re-introduced with full approval, but minor delays in compiling the event report.",3,Products from unusual events re-introduced only after special inspection and QA approval.,4
Chapter 5 - Production,Packaging & Finished Products,5.60,Is any significant discrepancy during material reconciliation investigated and explained before product release?,Yes,,Unexplained massive label shortage ignored/ high risk of diverted stock.,1,Significant label or component discrepancy accepted without an OOS investigation.,2,"Investigation active, but minor delays in closing the final reconciliation report.",3,Significant material discrepancies thoroughly investigated and explained before release.,4
Chapter 5 - Production,Packaging & Finished Products,5.61,Are unused batch-coded materials destroyed and recorded after packaging and is a documented procedure followed for returning uncoded printed materials to stock?,Yes,,Unused batch-coded labels returned to general stock or thrown in public trash.,1,"Unused coded labels left intact, or uncoded items returned without records.",2,"Destruction done, but minor delay in returning uncoded items to warehouse.",3,Unused batch-coded items destroyed/recorded. Uncoded stock returned via strict SOPs.,4
Chapter 5 - Production,Packaging & Finished Products,5.62,Are finished products held in quarantine until their final release under conditions defined by the manufacturer?,Yes,,Unreleased finished products shipped or moved out of quarantine without QA approval.,1,Quarantine status is weak/ products stored near released stock without formal blocks.,2,"Physical separation and conditions are correct, but minor delay in updating electronic status.",3,Finished products are held in strict quarantine under manufacturer-defined conditions until final release.,4
Chapter 5 - Production,Packaging & Finished Products,5.63,"After release, are finished products stored as usable stock under conditions defined by the manufacturer?",Yes,,Products stored under catastrophic conditions causing active degradation before distribution.,1,Released products stored in areas with fluctuating parameters or poor stock rotation control.,2,"Stored under specified conditions, but minor delays in filing the continuous temperature logs.",3,"After release, products are stored as usable stock under perfectly controlled conditions.",4
Chapter 5 - Production,"Rejected, Recovered And Returned Materials",5.64,"Are rejected materials clearly labeled, stored in restricted areas and either returned, reworked, or destroyed with authorized approval and records?",Yes,,Rejected materials left entirely unmarked or mixed back with approved active production inventory.,1,"Rejected materials are labeled but stored in open or non-restricted zones, risking accidental use.",2,"Labeled and locked properly, but minor delays in updating the final physical inventory destruction logs.",3,"Rejected materials are clearly labeled, stored in locked/restricted areas, and handled with authorized approval and records.",4
Chapter 5 - Production,"Rejected, Recovered And Returned Materials",5.65,"Is reworking of rejected products done only exceptionally, based on a risk assessment and approved SOP, without affecting quality and fully recorded?",Yes,,Systemic reworking used as a standard process to fix recurring batch failures without investigation.,1,Reworking executed without a formal QA-approved risk assessment or proper justification records.,2,"Reworking follows an approved SOP, but minor delays in compiling the comprehensive risk assessment report.",3,"Reworking is done only exceptionally, based on formal risk assessment, approved SOP, without quality impact, and fully recorded.",4
Chapter 5 - Production,"Rejected, Recovered And Returned Materials",5.66,"Is the recovery of previous compliant batches into a new batch pre-approved, risk-assessed (including expiry date impact) and fully recorded?",Yes,,Unapproved blending or recovery of sub-standard batches into compliant lots to hide defects.,1,Recovery of previous steps performed without pre-approval or assessing the impact on final expiry dates.,2,"Recovery is fully recorded and approved, but minor delays in updating the lifecycle tracking logs.",3,"Recovery of previous compliant batches is pre-approved, risk-assessed (including expiry date impact), and fully recorded.",4
Chapter 5 - Production,"Rejected, Recovered And Returned Materials",5.67,Does Quality Control evaluate the need for additional testing on any reworked or recovered product?,Yes,,QC testing for reworked batches is intentionally skipped or analytical failures are actively bypassed.,1,"Reworked product released based only on standard testing, ignoring QC requirements for extra evaluation.",2,"Evaluation performed and extra testing done, but minor delays in finalizing the analytical summary report.",3,Quality Control strictly evaluates and performs necessary additional testing on all reworked or recovered products.,4
Chapter 5 - Production,"Rejected, Recovered And Returned Materials",5.68,"Are market returns destroyed unless quality is proven safe through a written QC evaluation that checks product nature, storage history, conditions, and time elapsed?",Yes,,Expired or unverified market returns mixed directly into active stock without any QA/QC assessment.,1,"Market returns re-introduced into usable stock without a complete, documented QC storage history check.",2,"Returns held securely and evaluated, but minor delays in signing off the formal written QC assessment.",3,Market returns are destroyed unless quality is proven safe through a written QC evaluation checking history and time elapsed.,4
Chapter 5 - Production,"Rejected, Recovered And Returned Materials",5.69,"Is any product with doubtful quality blocked from redistribution (even if chemical recovery is possible), and are all actions formally recorded?",Yes,,Active distribution or intentional sale of batches known to have failed or doubtful quality parameters,1,Doubtful quality batches left active or un-segregated while chemical recovery options are considered.,2,"Product is physically blocked and secure, but minor documentation delays in logging the event in the system.",3,"Any product with doubtful quality is instantly blocked from redistribution, and all actions are formally recorded.",4
Chapter 5 - Production,"Rejected, Recovered And Returned Materials",5.70,Has the complete supply chain route (from starting materials to final pack) been formally mapped and approved by the QP?,Yes,,Total lack of supply chain traceability or utilizing unapproved facilities.,1,"Incomplete mapping, bypassing intermediate sites, or missing secondary suppliers.",2,Supply chain map is active but has a minor delay in its annual review.,3,"Complete supply chain diagram explicitly listing all manufacturing, testing, and storage sites.",4
Chapter 5 - Production,"Rejected, Recovered And Returned Materials",5.71,Does the QP verify that all Active Pharmaceutical Ingredients (APIs) are manufactured under GMP and audited?,Yes,,"Knowingly using counterfeit, adulterated, or unapproved active ingredients.",1,API sourced from a site with an expired audit or unverified GMP compliance.,2,Minor delay in renewing a routine supplier questionnaire or audit report.,3,Active GMP certificates and recent physical audit reports available for all API sites.,4
Chapter 5 - Production,"Rejected, Recovered And Returned Materials",5.72,"Are all regulatory variations (submitted, granted, or refused) actively tracked and implemented on the shop floor?",Yes,,Distributing batches while hiding a critical regulatory refusal or ban.,1,Manufacturing executed under unapproved or rejected regulatory variations.,2,Minor delay in updating the internal regulatory master tracker standard.,3,"Perfect synchronization between regulatory affairs, batch records, and shop-floor labels.",4
Chapter 5 - Production,"Rejected, Recovered And Returned Materials",5.73,"Are Serialization and Anti-Tampering Devices correctly applied, verified, and uploaded to the repository?",Yes,,Releasing prescription medicines with missing or bypassed safety features.,1,Incomplete verification of serialization status prior to moving to warehouse.,2,Minor system reporting latency during packaging with zero batch risk.,3,"100% compliance in applying, checking, and uploading unique identifiers (2D codes).",4
Chapter 5 - Production,"Rejected, Recovered And Returned Materials",5.74,"Are transportation routes and environmental conditions (temperature logs, dataloggers) verified for bulk/intermediate transfers?",Yes,,Continuous storage/transit in damaging conditions while hiding excursions.,1,Shipment of bulk product without monitoring data or unverified transport routes.,2,"Brief, documented temperature excursion with proven science-based zero impact.",3,Continuous temperature mapping and successful download of all transport logs.,4
Chapter 6 - Quality Control,QC Quality Management,6.1,Is QC structurally and operationally independent from Production and all other departments?,Yes,,Total lack of separation/ Production management directly overrules QC testing or controls final release.,1,"Production personnel directly influence QC decisions, testing priorities, or final batch disposition results.",2,"Separate structures exist, but minor administrative overlap or shared reporting paths in non-critical tasks.",3,"QC is completely independent, structurally and operationally, from Production and all other departments.",4
Chapter 6 - Quality Control,QC Quality Management,6.2,Is QC managed by a person with appropriate qualifications and experience?,Yes,,"No appointed QC head, or position filled by someone with zero relevant technical or scientific background.",1,The QC manager lacks the necessary formal qualifications or specific pharmaceutical industry experience.,2,"Manager is fully qualified, but minor delays in updating their continuous professional training portfolio.",3,QC is managed by a highly qualified and experienced person with verified appropriate expertise.,4
Chapter 6 - Quality Control,QC Quality Management,6.3,Does the Quality Control department have one or more control laboratories at its disposal?,Yes,,"No control laboratories available, or testing is fabricated without any physical analytical instruments.",1,"QC lacks adequate laboratory space or basic equipment, relying on unapproved external testing workarounds.",2,"Laboratories are available and compliant, but minor space constraints or delays in updating auxiliary area logs.",3,"The QC department has fully equipped, dedicated control laboratories at its disposal meeting all testing needs.",4
Chapter 6 - Quality Control,QC Quality Management,6.4,"Does Quality Control ensure (through sampling, specifications, testing, and organization, documentation and release procedures) that: i)  All necessary and relevant tests are carried out? ii) Materials are not released for use until their quality has been judged to be satisfactory?, iii) Products are not released for sale or supply until their quality has been judged to be satisfactory?",Yes,,Materials or products are intentionally released for commercial use despite known QC test failures.,1,"Necessary tests are omitted, or materials are released for production use before final QC approval is fully finalized.",2,"Full compliance in testing, but minor documentation or logging delays in secondary release archiving.",3,"QC ensures all sampling, testing, and release procedures are fully executed. No material/product is released without approved quality.",4
Chapter 6 - Quality Control,QC Quality Management,6.5,"Does the QC department establish, validate, and execute all quality control procedures, manage reference samples, ensure proper labeling, monitor stability, and participate in product complaints investigations?",Yes,,Total failure to execute core QC duties/ complaints or stability issues are intentionally ignored.,1,"Critical QC duties (e.g., stability monitoring or method validation) are severely neglected or incomplete.",2,"All core duties are handled effectively, but minor delays exist in finalizing secondary stability or complaint files.",3,"QC fully establishes, validates, and executes all procedures, samples, labeling, stability monitoring, and complaint investigations.",4
Chapter 6 - Quality Control,QC Quality Management,6.6,"Validation Master Plan (VMP): Is the VMP comprehensive, covering facilities, equipment, utilities, processes, and cleaning?",Yes,PIC/S PI 006,No VMP exists.,1,"VMP lacks major elements (e.g., skips utilities or cleaning validation) or is not approved.",2,VMP exists but is outdated or misses minor components of the site's operations.,3,"VMP is current, covers all elements, sets clear policies, and is approved by senior management.",4
Chapter 6 - Quality Control,QC Quality Management,6.7,Quality Risk Management (QRM): Is QRM integrated into the qualification and validation lifecycle to focus on critical elements?,Yes,ICH Q9,No QRM approach applied to validation activities.,1,QRM is rarely used/ validation scope is mostly generic without risk-based justifications.,2,QRM is applied but risk assessments lack depth or rationale for some validation decisions.,3,"QRM is systematically applied across all validation stages, documented, and drives the validation scope.",4
Chapter 6 - Quality Control,QC Quality Management,6.8,Change Control System: Is there a formal system evaluating the impact of proposed changes on the validated status?,Yes,ICH Q10,No formal change control system in use.,1,Changes implemented before QA approval or before a validation impact assessment is done.,2,Change control exists but validation impact assessments are occasionally superficial.,3,"Robust change control assessing validation impact, pre-approved by QA and subject matter experts.",4
Chapter 6 - Quality Control,Documentation & Data Integrity,6.9,"Are all quality control operations and testing tasks performed strictly according to written, approved procedures?",Yes,,"Testing is performed with zero written procedures, or methods are altered on the spot to pass samples.",1,"Analysts perform testing using unapproved draft procedures, obsolete methods, or verbal instructions.",2,"Testing follows procedures, but minor clerical delays in updating non-critical analytical SOP templates.",3,"All QC operations and testing tasks are performed strictly according to approved, up-to-date written procedures.",4
Chapter 6 - Quality Control,Documentation & Data Integrity,6.10,"Are all activities, measurements, and deviations recorded meticulously whenever necessary?",Yes,,"Extensive data fabrication, deletion of original chromatograms, or active hiding of testing failures.",1,"Raw data is poorly documented, steps are back-dated, or OOS results are not logged.",2,"Data is recorded accurately, but minor delays in cross-signing raw data sheets or balancing minor log entries.",3,"All analytical activities, raw measurements, calculations, and deviations are logged meticulously in real-time.",4
Chapter 6 - Quality Control,Documentation & Data Integrity,6.11,"Does the final product evaluation include all relevant production conditions, In-Process Control results, manufacturing/packaging records review, finished product specification compliance, and final package examination?",Yes,,Batch is certified and released despite active process validation failures or unresolved OOS results.,1,"Product is approved for release while omitting critical IPC review, package checks, or open batch deviations.",2,"Evaluation is fully compliant, but minor formatting omissions in the final batch review summary sheet.",3,"Final evaluation flawlessly reviews all batch records, IPC results, production conditions, and package integrity.",4
Chapter 6 - Quality Control,Documentation & Data Integrity,6.12,Good Documentation Practices: Are qualification and validation documents compliant with GMP documentation requirements?,Yes,,"Validation documentation is chaotic, lacking signatures, dates, or traceability.",1,"Protocols executed without pre-approval, or widespread GDP failures observed.",2,"Minor GDP errors (e.g., incorrect corrections) in some validation documents.",3,"All protocols/reports follow strict GDP, with proper version control and data integrity compliance.",4
Chapter 6 - Quality Control,Documentation & Data Integrity,6.13,"Validation Protocols: Are protocols prepared defining critical systems, attributes, parameters and acceptance criteria?",Yes,,Protocols are not written prior to execution.,1,Protocols lack clear acceptance criteria or do not cover critical parameters.,2,Protocols exist but some acceptance criteria are vague or poorly defined.,3,"Protocols are detailed, pre-approved, and clearly define all critical parameters and acceptance criteria.",4
Chapter 6 - Quality Control,Documentation & Data Integrity,6.14,"Validation Reports: Do reports summarize results, cross-reference protocols, detail deviations, and draw clear conclusions?",Yes,,"No validation reports generated, or they fail to conclude on the system's suitability.",1,Major deviations are ignored or closed without justification in the final report.,2,"Reports summarize data but cross-referencing is poor, or minor deviations lack full explanation.",3,"Reports are comprehensive, address all deviations with root causes, and clearly conclude the status.",4
Chapter 6 - Quality Control,Documentation & Data Integrity,6.15,"Is the sampling plan for starting materials scientifically justified and based on a documented risk assessment that considers material criticality, supplier reliability, and variability?",Yes,WHO TRS 929 (Sampling guidelines) & PIC/S PE 009 (Risk-based sampling),"Arbitrary sampling without any defined plan or statistical basis, risking undetected sub-standard materials.",1,Sampling plans are used without formal risk assessment or scientific justification for reducing sample sizes.,2,"Sampling plans are documented and statistical, but minor delays in updating the annual supplier reliability risk reviews.",3,Sampling plans are fully justified by deep risk assessments and statistical data for every supplier.,4
Chapter 6 - Quality Control,Documentation & Data Integrity,6.16,"Is an identity test performed on a sample from each container of starting material, unless the supplier is validated and rigorously assessed to allow reliable statistical sampling?",Yes,US FDA 21 CFR 211.84 & WHO Guidelines on Sampling,"Identity testing is completely bypassed or fabricated, allowing unverified chemicals into production.",1,"Statistical sampling is applied to containers from unvalidated or unapproved suppliers, risking mislabeled materials.",2,"Identity testing is performed for all containers, but minor delays in filing the formal supplier re-validation folders.",3,"Identity is verified for 100% of containers, or skipping is backed by an exceptionally validated supplier program.",4
Chapter 6 - Quality Control,Documentation & Data Integrity,6.17,"Are sampling operations performed in dedicated areas or under controlled environmental conditions (e.g., laminar flow hoods) that prevent cross-contamination and protect the operator?",Yes,"ISPE Baseline Guides, WHO TRS 961","Total lack of environmental control during sampling, leading to active product contamination or operator hazard.",1,Sampling is conducted in open warehouse areas without local air protection or adequate contamination controls.,2,"Controlled sampling environment is active, but minor delays in documenting the daily differential pressure logs.",3,Sampling occurs in state-of-the-art downflow booths with perfect pressure cascades and environmental controls.,4
Chapter 6 - Quality Control,Documentation & Data Integrity,6.18,"Are personnel who perform sampling properly trained in sampling techniques, GMP requirements, contamination risks, and health and safety aspects, with records maintained?",Yes,ISO 19011 & PIC/S Guidelines,Sampling is performed by individuals with zero training or understanding of contamination and GMP controls.,1,Untrained or uncertified warehouse/QC personnel are assigned to perform critical raw material sampling tasks.,2,"Samplers are fully competent, but minor delays in logging their latest annual continuous GMP refresher training.",3,"All samplers have exhaustive, up-to-date certifications covering technical, GMP, and safety dimensions.",4
Chapter 6 - Quality Control,Documentation & Data Integrity,6.19,"Do sample containers bear complete labels specifying contents, batch number, sampling date, and the source containers?",Yes,,"Unlabeled sample containers found in active storage, making any trace or verification impossible.",1,"Sample containers lack critical details (e.g., batch number or source container link), risking tracking loss.",2,"Containers are labeled properly, but minor, isolated omissions in secondary details like sampler initials.",3,"Sample containers bear complete, clear labels specifying contents, batch number, sampling date, and source containers.",4
Chapter 6 - Quality Control,Documentation & Data Integrity,6.20,"Are reference samples fully representative of the batch, and are additional samples collected to monitor the most stressed parts of the process?",Yes,,"No representative sample collection performed, or sample data is fabricated without actual sampling.",1,"Samples do not accurately represent the whole batch, or required sampling at stressed process points is omitted.",2,"Samples are representative, but minor delays in logging or updating the multi-stage stressed sampling tracking sheets.",3,Reference samples are fully representative of the batch. Additional samples are collected systematically to monitor the most stressed parts of the process.,4
Chapter 6 - Quality Control,Documentation & Data Integrity,6.21,Are all analytical methods validated?,Yes,ICH Q2(R1),"Complete lack of method validation, or testing is deliberately run using wrong parameters to bypass limits.",1,Testing is performed using unvalidated methods or deviations from the approved methods occur without QA justification.,2,"Methods are validated, but minor delays in updating the formal validation summary dossiers.",3,"All analytical methods are fully validated, and all testing operations strictly follow these approved methods.",4
Chapter 6 - Quality Control,Documentation & Data Integrity,6.22,Are all testing operations described in the marketing authorisation carried out according to those approved methods?,Yes,,"Testing required by the MA is deliberately omitted, or alternative unapproved methods are used to mask OOS batches.",1,Testing methods used in routine control deviate from those officially registered in the MA without prior regulatory/QA approval.,2,"Τesting complies with the MA dossier, but minor delays exist in compiling tracking logs for specific secondary analytical parameters.",3,All testing operations described in the Marketing Authorisation (MA) are carried out strictly according to the approved methods.,4
Chapter 6 - Quality Control,Documentation & Data Integrity,6.23,Validation of Test Methods: Are all analytical test methods validated or verified before use in qualification/validation activities?,Yes,ICH Q2,Unvalidated methods used for critical process validation decisions.,1,Methods used for cleaning validation not validated for recovery or LOQ.,2,Minor documentation gaps in method transfer or verification.,3,All methods fully validated per ICH Q2/ pharmacopoeial methods properly verified under conditions of use.,4
Chapter 6 - Quality Control,Documentation & Data Integrity,6.24,"Is special attention given to the quality of laboratory reagents, volumetric glassware, solutions, reference standards, and culture media by ensuring they are prepared in accordance with written procedures?",Yes,Οδηγίες ορθής εργαστηριακής πρακτικής (GLP),"Use of unverified, contaminated, or fake reference standards in critical product clearance tests.",1,"Substandard reagents or expired standards are routinely used, or preparation instructions are ignored.",2,"High quality maintained, but minor delays in filling the verification logs for generic laboratory glassware.",3,"Special, meticulous attention is given to reagents, volumetric glassware, solutions, reference standards, and culture media.",4
Chapter 6 - Quality Control,Documentation & Data Integrity,6.25,Cleaning Validation Principles: Is cleaning validation performed using limits based on Health Based Exposure Limits (HBEL/PDE)?,Yes,EMA HBEL Guide,No cleaning validation performed.,1,"Limits not based on toxicological evaluation (e.g., using only legacy 10ppm) without justification.",2,Limits calculated based on PDE but minor gaps in the worst-case product rationale.,3,Cleaning validation complete/ limits strictly based on documented PDE/HBEL.,4
Chapter 6 - Quality Control,Documentation & Data Integrity,6.26,Campaign Manufacture: Is the maximum length of a campaign (time or batches) validated to prevent degradation or microbial growth?,Yes,,No limits on campaign lengths/ equipment left dirty for unvalidated periods.,1,Campaign lengths often exceeded without documented deviation or assessment.,2,Campaign length defined but supporting data is borderline or theoretical.,3,Campaign lengths strictly validated with data proving no unacceptable build-up or degradation.,4
Chapter 6 - Quality Control,Documentation & Data Integrity,6.27,"Are prolonged-use reagents marked with preparation date and signature, unstable reagents/media marked with expiry date and storage conditions, and volumetric solutions marked with the last standardisation date and current factor?",Yes,,Expiry dates on unstable media or factors of volumetric solutions are deliberately altered or falsified.,1,"Volumetric solutions lack the current verified factor, or unstable media are stored without clear expiry dates.",2,"Solutions labeled correctly, but the physical factor tag shows a slight delay in secondary signature updates.",3,"Prolonged-use, unstable, and volumetric solutions are perfectly marked with dates, signatures, expiry, and current factor.",4
Chapter 6 - Quality Control,Documentation & Data Integrity,6.28,"Is the date of receipt indicated on containers of testing substances (reagents/reference standards), are their usage/storage instructions followed, and is identification or other testing performed upon receipt or before use where necessary?",Yes,,"Complete absence of identity checks on incoming testing components, risking invalid analytical data.",1,"Reagents or reference standards are used without checking receipt status, storage compliance, or initial identity.",2,"Receipts are tracked, but minor delays in applying the internal tracking status labels to incoming reagents.",3,Date of receipt is clearly marked on all testing substances. Usage instructions and strict identity testing upon receipt are fully enforced.,4
Chapter 6 - Quality Control,Documentation & Data Integrity,6.29,"Are all in-process controls, including those performed in the production area by production personnel, executed according to Quality Control approved methods and fully recorded?",Yes,,"Total failure to execute IPCs, or IPC data is routinely fabricated on the production floor.",1,"IPCs are executed using non-approved tools, methods, or production personnel alter settings without QC notice.",2,"IPCs are accurate, but minor formatting errors or delayed signatures in the production floor testing logs.",3,"All IPCs, including those done by production staff, follow QC-approved methods and are completely recorded.",4
Chapter 6 - Quality Control,Documentation & Data Integrity,6.30,Are all test results and calculations critically reviewed for consistency before final approval?,Yes,,"Falsification of results, changing raw data to mask test failures, or skipping final evaluation entirely.",1,"Calculations or out-of-trend data are approved without critical double-checking, or OOS results are ignored.",2,"Review is executed thoroughly, but minor delays in cross-signing or dating secondary mathematical check sheets.",3,All test results and calculations are critically reviewed for absolute consistency and accuracy before final approval.,4
Chapter 6 - Quality Control,Documentation & Data Integrity,6.31,Do test records contain all mandatory data points required by the regulation?,Yes,,Intentional omission or destruction of original test records to hide failed analytics.,1,"Critical data points (such as original weights, standards batch numbers, or raw charts) are systematically missing.",2,"Records are compliant, but minor clerical omissions exist in non-critical data fields (e.g., equipment asset numbers).",3,"Test records contain every single mandatory data point required by the regulations, ensuring complete traceability.",4
Chapter 6 - Quality Control,Documentation & Data Integrity,6.32,"Are animals used for testing components, materials, or products quarantined before use, maintained and controlled to assure suitability, identified, and tracked with adequate records showing their full history of use?",Yes,Council of Europe (Directive 2010/63/EU,Animals kept in hazardous conditions or reused in critical testing without any records or suitability checks.,1,Inadequate quarantine protocols or incomplete historical tracking records for testing animals.,2,"Animals are healthy and monitored well, but minor delays in updating the daily historical usage logbooks.",3,"Animals are strictly quarantined, maintained, and tracked with detailed records showing their full history of use.",4
Chapter 6 - Quality Control,Documentation & Data Integrity,6.33,"For products imported from third countries (non-EU/MRA), is full analytical re-testing executed upon import?",Yes,,Certifying an imported batch without any analytical re-testing in the EU.,1,Omission of critical specification parameters during import re-testing.,2,Minor delay in archiving the primary raw data of the import testing.,3,Full analytical testing of all specification parameters performed inside an approved EU laboratory,4
Chapter 6 - Quality Control,Retention Samples,6.34,"Are Reference Samples (for testing starting/packaging materials or finished product) and Retention Samples (fully packaged units representing the market batch) clearly distinguished, defined, and accessible?",Yes,19.1; WHO TRS 929 (Annex 4) & PIC/S PE 009 (Annex 19),Total lack of sample definition or control/ samples are piled together without any systematic separation or log tracking.,1,"The facility confuses reference with retention sample requirements, leading to incorrect storage setups.",2,"Samples are properly categorized, but minor administrative delays in logging locations within the ERP system.",3,"Both sample types are explicitly separated in inventory, perfectly defined in SOPs, and instantly accessible for regulatory review.",4
Chapter 6 - Quality Control,Retention Samples,6.35,"Are samples retained for at least 2 years after batch release or 1 year post-expiry (whichever is longer), or longer if required by the Marketing Authorisation?",Yes,19.2; US FDA 21 CFR 211.170WHO Guidelines on Sampling,"Systematic failure to store samples, or active premature destruction of samples to deliberately prevent regulatory testing.",1,Reference samples for certain products or batches are disposed of prematurely before regulatory or MA limits.,2,"Timelines comply, but minor layout omissions in the final batch disposal review summaries.",3,"Storage times strictly exceed regulatory minimums, with automated software monitoring all material categories.",4
Chapter 6 - Quality Control,Retention Samples,6.36,Are reference and retention samples stored in their final primary packaging (or justified equivalent) and kept under labelled storage conditions with continuous temperature monitoring?,Yes,19.3 - 19.4; WHO TRS 961 (Storage),"Total lack of temperature control/monitoring, leading to degraded samples that cannot be used for analytical verification.",1,"Samples are stored in unmonitored areas, or primary packaging used for reference deviates from commercial packs without data.",2,"Samples are kept under correct conditions, but minor delays in updating the backup temperature probe calibration logs.",3,"Samples are stored flawlessly in commercial packaging within fully mapped, continuously monitored stability/retention chambers.",4
Chapter 6 - Quality Control,Retention Samples,6.37,Is the size of reference samples sufficient to permit at least two full analytical evaluations of the batch according to the marketing authorisation dossier?,Yes,19.2; US FDA 21 CFR 211.170(b) & PIC/S PE 009 (Annex 19),"Samples are missing entirely, or sample volume is so low (e.g., traces) that no analytical verification is physically possible.",1,"Quantities are insufficient, allowing only one full analysis or omitting specific critical parameters during re-testing.",2,"Sample quantities are sufficient, but minor delays in updating the standardized weight/volume calculation sheets.",3,Sample size is double-checked and calculated to allow at least two full analytical monographs (including sterility/pyrogens).,4
Chapter 6 - Quality Control,Retention Samples,6.38,"Where the marketing authorisation holder and the manufacturer(s) responsible for batch release are different legal entities, is there a written Quality Agreement defining sample responsibilities?",Yes,19.7 - 19.8; ICH Q10 (Quality Systems),"Complete absence of contract or accountability, leaving sample custody and regulatory compliance completely unassigned.",1,No formal written agreement exists between the MAH and manufacturing site regarding sample storage duties.,2,"Agreements are active, but minor delays in updating the signature page during recent company name changes.",3,"Exceptional, legally binding Quality Agreements exist, detailing exact ownership and storage sites for all samples.",4
Chapter 6 - Quality Control,Retention Samples,6.39,"Are reference samples of starting materials and primary packaging materials collected and stored at the site of manufacture, or is a justified centralized location used?",Yes,19.6; PIC/S PE 009 (Annex 19),"Deliberate omission of material sampling, or intentional destruction of raw component reference samples.",1,Raw materials or printed primary foils are systematically excluded from reference sampling protocols.,2,"Raw material samples are compliant, but minor clerical delays in updating the vendor sample logbooks.",3,Materials are sampled systematically per batch and archived at the manufacturing site with perfect batch record links.,4
Chapter 6 - Quality Control,Retention Samples,6.40,"In the case of parallel importation or parallel distribution, is there a written agreement defining sample storage responsibilities, and are samples kept at an approved site?",Yes,"Annex 19 (Section 9: 9,1 - 9.2); EMA Parallel Distribution Guidance","Complete absence of contract or accountability, leaving parallel-distributed batches completely unmonitored.",1,"No formal written agreement exists with parallel partners, or sample locations are unverified by the manufacturing site QA.",2,"Agreements are in place, but minor delays in securing final signatures on the annual revision of the technical annex.",3,"Perfect technical agreements exist with parallel distributors, and sample retention locations are fully audited and clear.",4
Chapter 6 - Quality Control,Retention Samples,6.40.1,"For parallel imported or distributed products, is a physical retention sample kept for every single packaging operation, and are reference samples omitted only if officially justified?",Yes,Annex 19 (Section 9: 9.3 - 9.4); PIC/S Guidelines & EMA Post-authorisation procedural advice,"Systematic failure to keep retention samples for re-packaged lots, with zero traceability of market-ready parallel goods.",1,"Re-packaging runs occur without keeping individual retention samples, or the facility omits samples when secondary packs are opened.",2,"Retention samples are active for all packaging runs, but minor administrative delays in linking batch records with sample IDs.",3,"A retention sample is strictly archived for every packaging run. If secondary packs aren't opened, samples of packaging materials used are flawlessly retained.",4
Chapter 6 - Quality Control,Retention Samples,6.40.2,"If photographic or digital retention samples are used, are they pre-approved by the Competent Authority and fully compliant with Annex 11 (Data Integrity)?",Yes,Annex 19 (Section 9: 9.5) & EU GMP Annex 11; FDA 21 CFR Part 11 & WHO TRS 1033 (Data Integrity),"Deliberate use of unvalidated digital images to alter, mask, or hide defects on packaging, breaching Data Integrity.",1,"Photographic samples are used as a workaround without prior regulatory approval, or images fail to show Braille/tamper evidence.",2,"Photographic tracking is approved and active, but minor delays in updating the periodic metadata review logs of the imaging system.",3,"Digital samples are formally pre-approved by authorities. Images capture 100% of the box (safety features, Braille) under strict Annex 11 compliance.",4
Chapter 6 - Quality Control,Retention Samples,6.41,Are adequate Reference and Retention Samples of starting materials and finished products stored in their final pack?,Yes,,Total lack of reference/retention samples or intentional disposal.,1,"Insufficient quantities to perform full double re-testing, or improper storage.",2,Retention room temperature log missing a brief single entry (no excursion).,3,"Sufficient sample quantities kept in final packs under mapped, secure conditions.",4
Chapter 6 - Quality Control,Stability,6.42,"Is the on-going stability programme described in a written protocol with results formalised as a report, and is the equipment used qualified and maintained according to Chapter 3 and Annex 15?",Yes,,"Stability chambers are totally unvalidated, faulty, or stability data reports are completely fabricated.",1,"Chambers operate with uncalibrated probes, or results are compiled in loose sheets without a formal report structure.",2,"Written protocol is followed, but minor delays in finalizing the annual calibration report for a backup chamber.",3,Described in a written protocol with formalized reports. All stability equipment (chambers) is fully qualified and maintained.,4
Chapter 6 - Quality Control,Stability,6.43,Is the stability of the medicinal product monitored after marketing according to a continuous appropriate programme designed to detect any stability issues associated with the formulation in the marketed package?,Yes,ICH Q1A - Q1F (Stability Testing Guidelines),Complete absence of a post-marketing ongoing stability program for marketed products.,1,"Stability program is weak, poorly designed, or fails to proactively monitor products in their final market package.",2,"Program is active, but minor administrative delays in starting the setup for the latest marketed batch variant.",3,"Post-marketing stability is continuously monitored per an appropriate, active program designed to detect any formulation/packaging issues.",4
Chapter 6 - Quality Control,Stability,6.44,"Is the purpose of the on-going stability programme actively met by monitoring the product over its shelf life to determine that it remains, and is expected to remain, within specifications under the labelled storage conditions?",Yes,ICH Q1A (shelf life),Product routinely fails registered shelf-life specifications on the market without any QC intervention.,1,"Product exhibits uninvestigated out-of-trend degradation near shelf life, or storage conditions are poorly controlled.",2,"Monitoring is fully compliant, but minor delays in entering non-critical real-time shelf-life data points.",3,Program effectively tracks the product over its shelf life to ensure it remains within specifications under labeled storage conditions.,4
Chapter 6 - Quality Control,Stability,6.45,"Does the on-going stability protocol extend to the end of the shelf life and include all mandatory parameters, such as batch numbers per strength/size, test methods and references, acceptance criteria, container closure descriptions, testing intervals, and storage conditions (standardised ICH standardised ICH conditions for long term testing, consistent with the product labelling, should be used)?",Yes,ICH Q1A,Complete lack of defined parameters or testing intervals in the active stability testing protocol.,1,Critical testing parameters or registered testing intervals are missed or altered without a technical justification.,2,"Protocol covers all parameters, but minor layout omissions in the container closure description field.",3,"Protocol extends to shelf life and includes all mandatory parameters (batch numbers, strengths, sizes, test methods, intervals).",4
Chapter 6 - Quality Control,Stability,6.46,"Does the programme focus on the marketed package while evaluating the stability impact of long-term stored bulk products, prolonged-use intermediates, and reconstituted products where relevant?",Yes,EMA Guidelines on Stability Testing of Bulk Products,Deliberate omission of stability testing for bulk materials known to undergo severe degradation.,1,Stored bulk products or prolonged-use intermediates are systematically excluded from stability considerations.,2,"Evaluation is complete, but minor documentation backlogs in updating the specific intermediate storage matrix logs.",3,"Focuses on market packages while completely evaluating long-term stored bulks, intermediates, and reconstituted items where relevant.",4
Chapter 6 - Quality Control,Stability,6.47,"If the on-going stability protocol differs from the initial long-term stability study submitted in the marketing authorisation dossier (e.g., testing frequency or ICH updates), is this difference fully justified and documented within the protocol?",Yes,ICH Q1A / ICH Q1D (Bracketing and Matrixing),"Unauthorized, hidden alterations to the registered stability protocol to avoid detecting product failures.",1,Deviations from the registered MA stability protocol are made routinely without formal technical justification.,2,"Differences are justified, but minor delays in securing final QA counter-signatures on the justification memo.",3,"Any difference from the initial long-term MA dossier (e.g., testing frequency) is fully justified and documented.",4
Chapter 6 - Quality Control,Stability,6.48,"Does the stability programme include at least one batch per year for every strength and primary packaging type (unless none are produced) to provide sufficient data for trend analysis, and are animal testing, bracketing, or matrixing approaches scientifically justified and risk-assessed?",Yes,ICH Q1D,"Systemic failure to load annual stability batches, leaving multiple marketed products unmonitored.",1,"A year passes without loading mandatory batches, or bracketing is used without any scientific risk-assessment.",2,"One batch/year is loaded, but minor delays in completing the formal risk assessment for a bracketing approach.",3,Program includes at least 1 batch/year for every strength and primary pack type. Bracketing/matrixing is fully justified.,4
Chapter 6 - Quality Control,Stability,6.49,"Are additional batches included in the on-going stability programme following any significant change, significant deviation to the process or package, or after any reworking, reprocessing, or recovery operation?",Yes,,Intentional omission of stability testing for highly unstable reworked lots sent to the commercial market.,1,Significant process/package changes or reworked lots are released to market without adding validation stability batches.,2,"Additional batches are loaded, but minor delays in cross-referencing the stability ID with the main deviation log.",3,"Additional batches are systematically included following any significant change, major deviation, reworking, or recovery.",4
Chapter 6 - Quality Control,Stability,6.50,"Are on-going stability results made available to key personnel and the QP are they accessible at the manufacturing site for regulatory review, and is there a written agreement if testing is performed off-site?",Yes,,"Stability data is actively hidden from the QP, or unauthorized contract labs are used without any agreement.",1,"Stability data is difficult to access, or off-site contract testing runs without an active, approved GMP agreement.",2,"Data is available, but minor delays in renewing the technical signature page of the off-site testing agreement.",3,Results are fully available to key staff and the QP for review. Strict written agreement exists if testing is done off-site.,4
Chapter 6 - Quality Control,Stability,6.51,"Are out of specification (OOS) results or significant atypical trends investigated, reported to relevant competent authorities if confirmed or negative, and evaluated for impact on marketed batches according to Chapter 8?",Yes,FDA-EMA OOS Guidelines,"Complete failure to report confirmed stability failures to authorities, leaving defective lots on the market.",1,Confirmed stability OOS results are kept internal or handled without evaluating the active market batch impact.,2,"Investigations are thorough, but minor delays in submitting the final summary report to the local authority.",3,"Confirmed OOS results or atypical trends are deeply investigated, reported to authorities, and evaluated for market impact.",4
Chapter 6 - Quality Control,Stability,6.52,"Is a summary of all generated stability data, including interim conclusions, written, maintained, and subjected to periodic review?",Yes,,"Total absence of stability summary records or periodic reviews, making data tracking impossible.",1,"Stability summaries are incomplete, outdated, or interim conclusions fail to highlight negative trends.",2,"Summaries are maintained, but the periodic review cycle is slightly overdue against the internal schedule.",3,"A summary of all generated stability data, including interim conclusions, is written, maintained, and periodically reviewed.",4
Chapter 6 - Quality Control,Stability,6.53,Are Stability Monitoring Program results continuously evaluated and considered prior to batch certification?,Yes,,Falsifying stability data or hiding OOS results on stability.,1,Stability failures or adverse degradant trends are omitted or ignored during release.,2,Latest stability data entry is slightly delayed but parameters are stable.,3,"All stability time-point data and trending graphs are current, showing zero risks.",4
Chapter 7 - Outsourced Activities,Outsourced Activities,7.1,"Does the Contract Giver's Pharmaceutical Quality System include processes to control and review outsourced activities, and do these processes incorporate Quality Risk Management principles?",Yes,"21 CFR 211.22, ICH Q9",No PQS oversight or risk control for outsourced work.,1,Outsourced control missing from PQS or no QRM used.,2,QRM principles applied inconsistently to vendors.,3,PQS controls outsourced activities using QRM.,4
Chapter 7 - Outsourced Activities,Outsourced Activities,7.2,"Prior to outsourcing, is the Contract Giver responsible for assessing the legality, suitability and competence of the Contract Acceptor, and ensuring through the contract that GMP principles and guidelines are followed?",Yes,"21 CFR 211.22, FDA Guidance",Critical vendor utilized without any audit or qualification.,1,Vendor hired without formal GMP/competence assessment.,2,Pre-qualification done but minor gaps in audit report.,3,Documented pre-qualification/audit confirms vendor competence.,4
Chapter 7 - Outsourced Activities,Outsourced Activities,7.3,"Is the Contract Acceptor able to satisfactorily carry out the ordered work by possessing adequate premises, equipment, knowledge, experience and competent personnel?",Yes,21 CFR 211.25 / .42 / .63,Complete lack of qualified premises or competent personnel.,1,Inadequate equipment capacity or untrained staff for critical steps.,2,Minor gaps in training or equipment maintenance logs.,3,"Adequate premises, equipment, and trained personnel are fully verified.",4
Chapter 7 - Outsourced Activities,Outsourced Activities,7.4,"Does the Contract Acceptor fully understand that outsourced activities, including contract analysis, may be subject to inspection by the competent regulatory authorities?",Yes,FD&C Act Sec. 704 & 21 CFR 200.10,Acceptor refuses or intentionally obstructs a regulatory inspection.,1,Site lacks procedures or training for regulatory audits.,2,Inspection readiness procedure exists but is outdated.,3,Site is fully prepared and permits regulatory inspections.,4
Chapter 7 - Outsourced Activities,Outsourced Activities,7.5,"Is there a written contract covering all outsourced activities, the related products or operations and any technical arrangements made in connection with them?",Yes,21 CFR 211.22(d) & FDA Quality Agreements Guidance Section III,No contract or technical agreement exists.,1,Commercial contract only - GMP roles undefined.,2,Agreement exists but review date is expired.,3,"Signed, active quality agreement exists.",4
Chapter 7 - Outsourced Activities,Outsourced Activities,7.6,"Is the Contract drawn up by competent persons knowledgeable in GMP, specifying respective responsibilities and communication processes, and are all arrangements agreed by both parties in accordance with current regulations and the marketing authorisation?",Yes,21 CFR 211.22(d) & Guidance,Contract contradicts current regulations or approved MA parameters.,1,Contract drafted without direct involvement/review of GMP/Quality Unit.,2,Minor clerical errors or formatting issues in the contract text.,3,Drawn up by GMP experts; full alignment with regulations/ marketing authorisation.,4
Chapter 7 - Outsourced Activities,Outsourced Activities,7.7,"Does the Contract clearly describe who undertakes each specific step of the outsourced activity, including knowledge management, tech transfer, supply chain, subcontracting, purchasing, testing, production, and quality controls (IPC, sampling, analysis)?",Yes,21 CFR 211.22 & Guidance,Total absence of role assignment for core GMP steps.,1,"Critical step responsibility (e.g., sampling or IPC) is ambiguous",2,Roles defined but minor lack of detail in communication paths.,3,"Clear definition of roles for tech transfer, production, IPC, sampling, etc.",4
Chapter 7 - Outsourced Activities,Outsourced Activities,7.8,Are clear technical / quality agreements in place for all contract manufacturing and testing operations?,Yes,,Bypassing QA oversight and outsourcing critical operations to un-audited sites.,1,"Outsourced operations running without a valid, legally binding quality agreement.",2,Technical agreement is active but overdue for routine triennial review.,3,"Signed, active technical agreements explicitly detailing the exact responsibilities of the QP.",4
Chapter 7 - Outsourced Activities,Outsourced Activities,7.9,"Where the marketing authorisation holder and the manufacturer are not the same entity, are appropriate arrangements in place that take into account the principles of this chapter?",Yes,21 CFR 200.10(b) (Extension of facility) & FDA Guidance Section IV,Zero communication on critical quality actions.,1,No mechanism for critical event reporting.,2,Isolated communication delays on non-critical data.,3,Clear procedures define entity communication.,4
Chapter 7 - Outsourced Activities,Outsourced Activities,7.10,Does the Contract explicitly permit the Contract Giver to audit the outsourced activities performed by the Contract Acceptor or their mutually agreed subcontractors?,Yes,21 CFR 211.22 & Guidance,Contract explicitly forbids or prevents the contract giver from auditing.,1,Audit right clause is restricted or limited by the contract acceptor.,2,Audit right is defined but lacks explicit mention of subcontractors.,3,Right to audit the contract acceptor/subcontractors is explicit.,4
Chapter 7 - Outsourced Activities,Outsourced Activities,7.11,"Does the Contract Giver provide the Contract Acceptor with all necessary information and knowledge to perform operations correctly according to regulations and the marketing authorisation, while ensuring they are fully aware of any product-associated problems that could hazard premises, equipment, personnel or other materials?",Yes,"21 CFR 211.22, FDA Guidance",Concealing product safety risks or toxic hazards from vendor.,1,Critical product knowledge or safety hazards not shared.,2,Delays in transferring non-critical product updates.,3,Tech transfer dossiers and hazard risks fully shared.,4
Chapter 7 - Outsourced Activities,Outsourced Activities,7.12,"Does the Contract Acceptor ensure that all products, materials, and knowledge delivered to them by the Contract Giver are suitable for their intended purpose?",Yes,21 CFR 211.22 & 211.84,Processing contaminated or incorrect materials knowingly.,1,Received materials used without verifying suitability or specifications.,2,Isolated delays in documenting suitability checks of materials.,3,Incoming materials and data are systematically verified upon receipt.,4
Chapter 7 - Outsourced Activities,Outsourced Activities,7.13,"Are all arrangements for outsourced activities, including any proposed changes in technical or other arrangements, in accordance with current regulations and the product's marketing authorisation?",Yes,21 CFR 211.22(a) (Quality Unit role) & 21 CFR 210.2(b),Systematic production violating approved marketing authorisation terms.,1,Technical changes implemented without marketing authorisation review.,2,Minor delay updating documents post-change.,3,Full compliance with current marketing authorisation.,4
Chapter 7 - Outsourced Activities,Outsourced Activities,7.14,Does the Contract Acceptor refrain from making unauthorized changes outside the terms of the Contract that may adversely affect the quality of the outsourced activities for the Contract Giver?,Yes,21 CFR 211.100 (Change Control),Major process or equipment changes made without notification.,1,Unauthorized change made to a non-critical process parameter.,2,Change initiated but implemented before formal administrative closure.,3,All changes follow a mutually approved Change Control process.,4
Chapter 7 - Outsourced Activities,Outsourced Activities,7.15,"Does the Contract Acceptor refrain from subcontracting any entrusted work to a third party without the Contract Giver’s prior evaluation and approval, and do any such third-party arrangements ensure the equivalent availability of information and suitability assessments?",Yes,21 CFR 211.22 & FDA Guidance,Critical steps subcontracted secretly to unvetted parties.,1,Work subcontracted to a third party without formal approval.,2,Subcontractor approved but minor gaps in info sharing.,3,Zero subcontracting occurs without prior approval and audit.,4
Chapter 7 - Outsourced Activities,Outsourced Activities,7.16,Does the Contract Giver actively monitor and review the performance of the Contract Acceptor and ensure the identification and implementation of any needed improvements?,Yes,"21 CFR 211.22, FDA Guidance",Complete failure to track or review vendor performance.,1,No active monitoring or formal performance reviews.,2,Minor delays in executing scheduled vendor reviews.,3,"Continuous monitoring (KPIs, periodic audits) is active.",4
Chapter 7 - Outsourced Activities,Outsourced Activities,7.17,"Are all records related to outsourced activities (manufacturing, analytical, distribution) and reference samples kept by or available to the Contract Giver, and are quality-assessment records specifically accessible during complaints, defects, or suspected falsified product investigations?",Yes,21 CFR 211.180 / .192,Access denied or records destroyed/falsified during investigations.,1,Records/samples poorly tracked; hard to access during defects.,2,Sluggish retrieval time for non-critical historical analytical data.,3,Full records/samples access; instant availability for investigations.,4
Chapter 7 - Outsourced Activities,Outsourced Activities,7.18,"Is the Contract Giver responsible for reviewing and assessing the records and results of outsourced activities, and does he ensure - either himself or based on the Contract Acceptor’s Qualified Person confirmation - that all delivered products and materials have been processed in accordance with GMP and the marketing authorisation?",Yes,"21 CFR 211.22(a), 211.192",Commercial release of batches without any record review.,1,Batches accepted without full record review or QP status.,2,Minor clerical errors missed in batch record reviews.,3,Quality unit reviews all batch records/QP releases.,4